age,currentClub,dateOfBirth,foot,height,id,joined,joinedOn,marketValue,name,nationality,played_for,position,season,signedFrom,status
36,Retired,"Oct 29, 1970",right,"1,99m",3516,,"Jul 1, 2005",€5.40m,Edwin van der Sar,['Netherlands'],Manchester-United,Goalkeeper,2006-2007,Fulham FC,
25,Retired,"Mar 20, 1982",,,1320,,"Jul 2, 2007",€3.40m,Tomasz Kuszczak,"['Poland', 'England']",Manchester-United,Goalkeeper,2006-2007,West Bromwich Albion,
21,Manchester United,"Apr 15, 1986",right,"1,88m",34130,,"Jul 2, 2021",€100k,Tom Heaton,['England'],Manchester-United,Goalkeeper,2006-2007,: Ablöse free transfer,
28,Retired,"Nov 7, 1978",right,"1,89m",3235,,"Jul 22, 2002",€27.00m,Rio Ferdinand,['England'],Manchester-United,Centre-Back,2006-2007,Leeds United,
25,Retired,"Oct 21, 1981",right,"1,90m",19726,,"Jan 5, 2006",€14.20m,Nemanja Vidic‎,['Serbia'],Manchester-United,Centre-Back,2006-2007,: Ablöse €10.50m,
29,Retired,"Apr 19, 1978",left,"1,79m",5555,,"Jul 1, 2004",€13.10m,Gabriel Heinze,"['Argentina', 'Italy']",Manchester-United,Centre-Back,2006-2007,: Ablöse €10.00m,
26,Retired,"Apr 30, 1981",right,"1,92m",3540,,"Jul 1, 2001",€5.20m,John O'Shea,['Ireland'],Manchester-United,Centre-Back,2006-2007,Manchester United Reserves,
27,Retired,"Oct 13, 1979",right,"1,85m",3405,,"Jul 1, 1996",€5.00m,Wes Brown,['England'],Manchester-United,Centre-Back,2006-2007,Manchester United U18,
19,Manchester United,"Jan 3, 1988",both,"1,88m",42412,,"Jul 18, 2023",€500k,Jonny Evans,['Northern Ireland'],Manchester-United,Centre-Back,2006-2007,Leicester City,
19,Retired,"Oct 4, 1987",right,"1,91m",45861,,,,Ryan Shawcross,"['England', 'Wales']",Manchester-United,Centre-Back,2006-2007,,
18,Retired,"Feb 6, 1989",right,"1,89m",59606,,,,Craig Cathcart,['Northern Ireland'],Manchester-United,Centre-Back,2006-2007,,
26,Retired,"May 15, 1981",left,"1,74m",5285,,"Jan 10, 2006",€8.50m,Patrice Evra,"['France', 'Senegal']",Manchester-United,Left-Back,2006-2007,: Ablöse €8.00m,
22,Retired,"Oct 21, 1984",left,"1,77m",3548,,"Jul 1, 2001",€5.00m,Kieran Richardson,['England'],Manchester-United,Left-Back,2006-2007,: Ablöse free transfer,
29,Retired,"Aug 9, 1977",,,3393,,"Sep 10, 1999",€4.90m,Mikaël Silvestre,"['France', 'Guadeloupe']",Manchester-United,Left-Back,2006-2007,: Ablöse €5.70m,
21,Retired,"Sep 7, 1985",left,"1,80m",37138,,,€75k,Adam Eckersley,['England'],Manchester-United,Left-Back,2006-2007,,
32,Retired,"Feb 18, 1975",right,"1,80m",3403,,"Jul 1, 1992",€7.00m,Gary Neville,['England'],Manchester-United,Right-Back,2006-2007,Manchester United U18,
20,Retired,"Jan 4, 1987",right,"1,76m",37442,,"Jul 1, 2007",€50k,Danny Simpson,"['England', 'Jamaica']",Manchester-United,Right-Back,2006-2007,Manchester United Reserves,
19,Retired,"May 4, 1988",right,"1,80m",37678,,"Jul 1, 2006",,David Gray,['Scotland'],Manchester-United,Right-Back,2006-2007,Manchester United U18,
25,Retired,"Jul 28, 1981",right,"1,89m",3878,,"Jul 31, 2006",€26.50m,Michael Carrick,['England'],Manchester-United,Defensive Midfield,2006-2007,Tottenham Hotspur,
20,Retired,"Mar 7, 1987",right,"1,87m",4218,,,€250k,Floribert N'Galula,"['Belgium', 'DR Congo']",Manchester-United,Defensive Midfield,2006-2007,,
19,Retired,"Jun 22, 1988",right,"1,85m",50439,,,€50k,Kieran Lee,['England'],Manchester-United,Defensive Midfield,2006-2007,,
32,Retired,"Nov 16, 1974",right,"1,68m",3397,,"Jan 8, 2012",€11.00m,Paul Scholes,['England'],Manchester-United,Central Midfield,2006-2007,,
23,Retired,"Feb 1, 1984",right,"1,84m",3547,,"Jul 1, 2001",€6.00m,Darren Fletcher,['Scotland'],Manchester-United,Central Midfield,2006-2007,Manchester United U18,
26,Retired,"Oct 28, 1980",,,3768,,"Jul 1, 2004",€5.40m,Alan Smith,['England'],Manchester-United,Central Midfield,2006-2007,Leeds United,
22,Retired,"Nov 4, 1984",left,"1,83m",24634,,"Jul 1, 2004",€1.50m,David Jones,"['England', 'Wales']",Manchester-United,Central Midfield,2006-2007,Manchester United Reserves,
20,Retired,"Sep 26, 1986",right,"1,83m",37140,,"Jul 1, 2005",€175k,Ritchie Jones,['England'],Manchester-United,Central Midfield,2006-2007,Manchester United U18,
33,Retired,"Nov 29, 1973",left,"1,79m",3406,,"Jul 1, 1991",€11.00m,Ryan Giggs,['Wales'],Manchester-United,Left Midfield,2006-2007,Manchester United U18,
19,Retired,"Jun 24, 1988",,"1,78m",67250,,,,Michael Barnes,['England'],Manchester-United,Left Midfield,2006-2007,,
26,Retired,"Feb 25, 1981",both,"1,78m",4592,,"Jul 5, 2005",€10.00m,Ji-sung Park,"['Korea, South']",Manchester-United,Attacking Midfield,2006-2007,: Ablöse €7.30m,
20,Ramsgate FC,"Feb 9, 1987",left,"1,80m",15449,,"Jul 1, 2005",€1.25m,Lee Martin,['England'],Manchester-United,Attacking Midfield,2006-2007,Manchester United U18,
21,Retired,"Nov 19, 1985",right,"1,83m",24635,,"Jul 25, 2003",€600k,Chris Eagles,['England'],Manchester-United,Right Winger,2006-2007,Manchester United U18,
21,Retired,"Oct 24, 1985",right,"1,76m",3332,,"Aug 31, 2004",€36.00m,Wayne Rooney,['England'],Manchester-United,Centre-Forward,2006-2007,: Ablöse €37.00m,
22,Al-Nassr FC,"Feb 5, 1985",right,"1,88m",8198,,"Aug 31, 2021",€34.00m,Cristiano Ronaldo,['Portugal'],Manchester-United,Centre-Forward,2006-2007,Juventus FC,
28,Retired,"Aug 8, 1978",left,"1,82m",4015,,"Jan 23, 2004",€12.00m,Louis Saha,"['France', 'Guadeloupe']",Manchester-United,Centre-Forward,2006-2007,Fulham FC,
35,Retired,"Sep 20, 1971",,,3514,,"Jan 1, 2007",€2.00m,Henrik Larsson,"['Sweden', 'Cape Verde']",Manchester-United,Centre-Forward,2006-2007,Helsingborgs IF,
34,Retired,"Feb 26, 1973",both,"1,79m",3394,,"Jul 29, 1996",€1.10m,Ole Gunnar Solskjær,['Norway'],Manchester-United,Centre-Forward,2006-2007,Molde FK,
22,Retired,"Jan 23, 1985",right,"1,85m",15832,,"Jan 1, 2004",€900k,Fangzhuo Dong,['China'],Manchester-United,Centre-Forward,2006-2007,Dalian Shide,
20,Unknown,"Nov 15, 1986",right,"1,78m",59175,,"Jul 1, 2003",,Phil Marsh,['England'],Manchester-United,Centre-Forward,2006-2007,Manchester United U18,
37,Retired,"Oct 29, 1970",right,"1,99m",3516,,"Jul 1, 2005",€5.00m,Edwin van der Sar,['Netherlands'],Manchester-United,Goalkeeper,2007-2008,Fulham FC,
26,Retired,"Mar 20, 1982",,,1320,,"Jul 2, 2007",€4.00m,Tomasz Kuszczak,"['Poland', 'England']",Manchester-United,Goalkeeper,2007-2008,West Bromwich Albion,
25,Retired,"Apr 3, 1983",left,"1,93m",13572,,"Jul 1, 2005",€2.50m,Ben Foster,['England'],Manchester-United,Goalkeeper,2007-2008,Stoke City,
22,Manchester United,"Apr 15, 1986",right,"1,88m",34130,,"Jul 2, 2021",€200k,Tom Heaton,['England'],Manchester-United,Goalkeeper,2007-2008,: Ablöse free transfer,
29,Retired,"Nov 7, 1978",right,"1,89m",3235,,"Jul 22, 2002",€30.00m,Rio Ferdinand,['England'],Manchester-United,Centre-Back,2007-2008,Leeds United,
26,Retired,"Oct 21, 1981",right,"1,90m",19726,,"Jan 5, 2006",€22.00m,Nemanja Vidic‎,['Serbia'],Manchester-United,Centre-Back,2007-2008,: Ablöse €10.50m,
28,Retired,"Oct 13, 1979",right,"1,85m",3405,,"Jul 1, 1996",€6.50m,Wes Brown,['England'],Manchester-United,Centre-Back,2007-2008,Manchester United U18,
21,Retired,"Feb 2, 1987",right,"1,94m",18944,,"Jul 1, 2004",€5.50m,Gerard Piqué,['Spain'],Manchester-United,Centre-Back,2007-2008,FC Barcelona U19,
27,Retired,"Apr 30, 1981",right,"1,92m",3540,,"Jul 1, 2001",€4.50m,John O'Shea,['Ireland'],Manchester-United,Centre-Back,2007-2008,Manchester United Reserves,
20,Manchester United,"Jan 3, 1988",both,"1,88m",42412,,"Jul 18, 2023",€500k,Jonny Evans,['Northern Ireland'],Manchester-United,Centre-Back,2007-2008,Leicester City,
27,Retired,"May 15, 1981",left,"1,74m",5285,,"Jan 10, 2006",€15.00m,Patrice Evra,"['France', 'Senegal']",Manchester-United,Left-Back,2007-2008,: Ablöse €8.00m,
30,Retired,"Aug 9, 1977",,,3393,,"Sep 10, 1999",€4.00m,Mikaël Silvestre,"['France', 'Guadeloupe']",Manchester-United,Left-Back,2007-2008,: Ablöse €5.70m,
33,Retired,"Feb 18, 1975",right,"1,80m",3403,,"Jul 1, 1992",€6.00m,Gary Neville,['England'],Manchester-United,Right-Back,2007-2008,Manchester United U18,
23,Retired,"Jun 28, 1985",right,"1,80m",15773,,"Jul 1, 2003",€3.00m,Phil Bardsley,"['Scotland', 'England']",Manchester-United,Right-Back,2007-2008,Manchester United U18,
21,Retired,"Jan 4, 1987",right,"1,76m",37442,,"Jul 1, 2007",€900k,Danny Simpson,"['England', 'Jamaica']",Manchester-United,Right-Back,2007-2008,Manchester United Reserves,
19,Retired,"Mar 12, 1989",right,"1,83m",73493,,,,Richard Eckersley,['England'],Manchester-United,Right-Back,2007-2008,,
27,Retired,"Jan 20, 1981",,,201,,"Jul 1, 2007",€20.00m,Owen Hargreaves,"['England', 'Canada']",Manchester-United,Defensive Midfield,2007-2008,: Ablöse €25.00m,
26,Retired,"Jul 28, 1981",right,"1,89m",3878,,"Jul 31, 2006",€17.50m,Michael Carrick,['England'],Manchester-United,Defensive Midfield,2007-2008,Tottenham Hotspur,
20,Retired,"Jun 22, 1988",right,"1,85m",50439,,,€150k,Kieran Lee,['England'],Manchester-United,Defensive Midfield,2007-2008,,
20,Retired,"Apr 13, 1988",left,"1,76m",31645,,"Jul 2, 2007",€22.00m,Anderson,['Brazil'],Manchester-United,Central Midfield,2007-2008,FC Porto,
33,Retired,"Nov 16, 1974",right,"1,68m",3397,,"Jan 8, 2012",€10.00m,Paul Scholes,['England'],Manchester-United,Central Midfield,2007-2008,,
24,Retired,"Feb 1, 1984",right,"1,84m",3547,,"Jul 1, 2001",€5.00m,Darren Fletcher,['Scotland'],Manchester-United,Central Midfield,2007-2008,Manchester United U18,
20,Retired,"Oct 25, 1987",right,"1,83m",42413,,"Jul 1, 2008",€300k,Darron Gibson,"['Ireland', 'Northern Ireland']",Manchester-United,Central Midfield,2007-2008,Manchester United Reserves,
19,KFK Kópavogur,"Nov 28, 1988",,"1,73m",73514,,"Jul 1, 2007",,Sam Hewson,['England'],Manchester-United,Central Midfield,2007-2008,Manchester United U18,
34,Retired,"Nov 29, 1973",left,"1,79m",3406,,"Jul 1, 1991",€10.00m,Ryan Giggs,['Wales'],Manchester-United,Left Midfield,2007-2008,Manchester United U18,
27,Retired,"Feb 25, 1981",both,"1,78m",4592,,"Jul 5, 2005",€9.00m,Ji-sung Park,"['Korea, South']",Manchester-United,Attacking Midfield,2007-2008,: Ablöse €7.30m,
21,Ramsgate FC,"Feb 9, 1987",left,"1,80m",15449,,"Jul 1, 2005",€900k,Lee Martin,['England'],Manchester-United,Attacking Midfield,2007-2008,Manchester United U18,
21,CF Estrela Amadora,"Nov 17, 1986",both,"1,77m",33706,,"Jul 2, 2007",€19.00m,Nani,"['Portugal', 'Cape Verde']",Manchester-United,Left Winger,2007-2008,Sporting CP,
22,Retired,"Nov 19, 1985",right,"1,83m",24635,,"Jul 25, 2003",€800k,Chris Eagles,['England'],Manchester-United,Right Winger,2007-2008,Manchester United U18,
19,Retired,"Feb 4, 1989",right,"1,68m",67451,,,€50k,Febian Brandy,"['St. Kitts & Nevis', 'England']",Manchester-United,Right Winger,2007-2008,,
23,Al-Nassr FC,"Feb 5, 1985",right,"1,88m",8198,,"Aug 31, 2021",€55.00m,Cristiano Ronaldo,['Portugal'],Manchester-United,Centre-Forward,2007-2008,Juventus FC,
22,Retired,"Oct 24, 1985",right,"1,76m",3332,,"Aug 31, 2004",€40.00m,Wayne Rooney,['England'],Manchester-United,Centre-Forward,2007-2008,: Ablöse €37.00m,
24,Retired,"Feb 5, 1984",right,"1,71m",4276,,"Aug 10, 2007",€24.00m,Carlos Tevez,['Argentina'],Manchester-United,Centre-Forward,2007-2008,: Ablöse €12.70m,
29,Retired,"Aug 8, 1978",left,"1,82m",4015,,"Jan 23, 2004",€10.00m,Louis Saha,"['France', 'Guadeloupe']",Manchester-United,Centre-Forward,2007-2008,Fulham FC,
20,Retired,"Sep 13, 1987",right,"1,72m",42411,,"Jul 1, 2006",€650k,Fraizer Campbell,"['England', 'Jamaica']",Manchester-United,Centre-Forward,2007-2008,Manchester United U18,
23,Retired,"Jan 23, 1985",right,"1,85m",15832,,"Jan 1, 2004",€600k,Fangzhuo Dong,['China'],Manchester-United,Centre-Forward,2007-2008,Dalian Shide,
35,Retired,"Feb 26, 1973",both,"1,79m",3394,,"Jul 29, 1996",,Ole Gunnar Solskjær,['Norway'],Manchester-United,Centre-Forward,2007-2008,Molde FK,
17,Brighton & Hove Albion,"Nov 26, 1990",right,"1,85m",67063,,"Jul 1, 2008",,Danny Welbeck,"['England', 'Ghana']",Manchester-United,Centre-Forward,2007-2008,Manchester United U18,
38,Retired,"Oct 29, 1970",right,"1,99m",3516,,"Jul 1, 2005",€5.00m,Edwin van der Sar,['Netherlands'],Manchester-United,Goalkeeper,2008-2009,Fulham FC,
27,Retired,"Mar 20, 1982",,,1320,,"Jul 2, 2007",€3.50m,Tomasz Kuszczak,"['Poland', 'England']",Manchester-United,Goalkeeper,2008-2009,West Bromwich Albion,
26,Retired,"Apr 3, 1983",left,"1,93m",13572,,"Jul 1, 2005",€3.00m,Ben Foster,['England'],Manchester-United,Goalkeeper,2008-2009,Stoke City,
20,Hannover 96,"Feb 12, 1989",right,"1,88m",21327,,,€300k,Ron-Robert Zieler,['Germany'],Manchester-United,Goalkeeper,2008-2009,,
19,Port Vale FC,"Apr 10, 1990",right,"1,93m",73472,,"Jul 1, 2011",€100k,Ben Amos,['England'],Manchester-United,Goalkeeper,2008-2009,Manchester United Reserves,
30,Retired,"Nov 7, 1978",right,"1,89m",3235,,"Jul 22, 2002",€35.00m,Rio Ferdinand,['England'],Manchester-United,Centre-Back,2008-2009,Leeds United,
27,Retired,"Oct 21, 1981",right,"1,90m",19726,,"Jan 5, 2006",€35.00m,Nemanja Vidic‎,['Serbia'],Manchester-United,Centre-Back,2008-2009,: Ablöse €10.50m,
29,Retired,"Oct 13, 1979",right,"1,85m",3405,,"Jul 1, 1996",€9.00m,Wes Brown,['England'],Manchester-United,Centre-Back,2008-2009,Manchester United U18,
28,Retired,"Apr 30, 1981",right,"1,92m",3540,,"Jul 1, 2001",€5.50m,John O'Shea,['Ireland'],Manchester-United,Centre-Back,2008-2009,Manchester United Reserves,
21,Manchester United,"Jan 3, 1988",both,"1,88m",42412,,"Jul 18, 2023",€5.50m,Jonny Evans,['Northern Ireland'],Manchester-United,Centre-Back,2008-2009,Leicester City,
20,Salford City,"Jan 23, 1989",right,"1,77m",73482,,,,James Chester,"['Wales', 'England']",Manchester-United,Centre-Back,2008-2009,,
28,Retired,"May 15, 1981",left,"1,74m",5285,,"Jan 10, 2006",€23.00m,Patrice Evra,"['France', 'Senegal']",Manchester-United,Left-Back,2008-2009,: Ablöse €8.00m,
18,Botafogo de Futebol e Regatas,"Jul 9, 1990",right,"1,72m",61892,,"Jan 1, 2008",€4.20m,Rafael,"['Brazil', 'Portugal']",Manchester-United,Right-Back,2008-2009,Fluminense Football Club,Knee injury - Return unknown
34,Retired,"Feb 18, 1975",right,"1,80m",3403,,"Jul 1, 1992",€3.50m,Gary Neville,['England'],Manchester-United,Right-Back,2008-2009,Manchester United U18,
18,Grêmio Foot-Ball Porto Alegrense,"Jul 9, 1990",right,"1,72m",61891,,"Jul 1, 2008",€1.20m,Fábio,"['Brazil', 'Portugal']",Manchester-United,Right-Back,2008-2009,Manchester United U18,
20,Retired,"Nov 28, 1988",right,"1,84m",55687,,"Jan 8, 2009",€450k,Ritchie De Laet,['Belgium'],Manchester-United,Right-Back,2008-2009,Stoke City,
21,Retired,"May 4, 1988",right,"1,80m",37678,,"Jul 1, 2006",€100k,David Gray,['Scotland'],Manchester-United,Right-Back,2008-2009,Manchester United U18,
20,Retired,"Mar 12, 1989",right,"1,83m",73493,,,,Richard Eckersley,['England'],Manchester-United,Right-Back,2008-2009,,
27,Retired,"Jul 28, 1981",right,"1,89m",3878,,"Jul 31, 2006",€26.00m,Michael Carrick,['England'],Manchester-United,Defensive Midfield,2008-2009,Tottenham Hotspur,
28,Retired,"Jan 20, 1981",,,201,,"Jul 1, 2007",€13.00m,Owen Hargreaves,"['England', 'Canada']",Manchester-United,Defensive Midfield,2008-2009,: Ablöse €25.00m,
21,Retired,"Apr 13, 1988",left,"1,76m",31645,,"Jul 2, 2007",€22.00m,Anderson,['Brazil'],Manchester-United,Central Midfield,2008-2009,FC Porto,
25,Retired,"Feb 1, 1984",right,"1,84m",3547,,"Jul 1, 2001",€12.00m,Darren Fletcher,['Scotland'],Manchester-United,Central Midfield,2008-2009,Manchester United U18,
34,Retired,"Nov 16, 1974",right,"1,68m",3397,,"Jan 8, 2012",€7.50m,Paul Scholes,['England'],Manchester-United,Central Midfield,2008-2009,,
21,Retired,"Oct 25, 1987",right,"1,83m",42413,,"Jul 1, 2008",€1.00m,Darron Gibson,"['Ireland', 'Northern Ireland']",Manchester-United,Central Midfield,2008-2009,Manchester United Reserves,
20,Retired,"Feb 13, 1989",right,"1,83m",73552,,"Jan 1, 2008",€800k,Rodrigo Possebon,"['Italy', 'Brazil']",Manchester-United,Central Midfield,2008-2009,Sport Club Internacional Jugend,
19,Retired,"Aug 12, 1989",right,"1,75m",73484,,"Jul 1, 2008",,Tom Cleverley,['England'],Manchester-United,Central Midfield,2008-2009,Manchester United U18,
19,Retired,"Mar 5, 1990",right,"1,78m",73491,,,,Danny Drinkwater,['England'],Manchester-United,Central Midfield,2008-2009,,
18,Bradford City,"Jul 30, 1990",right,"1,80m",73501,,,,Corry Evans,['Northern Ireland'],Manchester-United,Central Midfield,2008-2009,,
17,Wrexham AFC,"Jul 22, 1991",right,"1,81m",73522,,,,Matty James,['England'],Manchester-United,Central Midfield,2008-2009,,
35,Retired,"Nov 29, 1973",left,"1,79m",3406,,"Jul 1, 1991",€7.50m,Ryan Giggs,['Wales'],Manchester-United,Left Midfield,2008-2009,Manchester United U18,
28,Retired,"Feb 25, 1981",both,"1,78m",4592,,"Jul 5, 2005",€12.50m,Ji-sung Park,"['Korea, South']",Manchester-United,Attacking Midfield,2008-2009,: Ablöse €7.30m,
22,Ramsgate FC,"Feb 9, 1987",left,"1,80m",15449,,"Jul 1, 2005",€400k,Lee Martin,['England'],Manchester-United,Attacking Midfield,2008-2009,Manchester United U18,
22,CF Estrela Amadora,"Nov 17, 1986",both,"1,77m",33706,,"Jul 2, 2007",€15.00m,Nani,"['Portugal', 'Cape Verde']",Manchester-United,Left Winger,2008-2009,Sporting CP,
22,Retired,"Apr 28, 1987",left,"1,71m",46180,,"Jan 1, 2009",€5.50m,Zoran Tosic,['Serbia'],Manchester-United,Right Winger,2008-2009,FK Partizan Belgrade,
24,Al-Nassr FC,"Feb 5, 1985",right,"1,88m",8198,,"Aug 31, 2021",€60.00m,Cristiano Ronaldo,['Portugal'],Manchester-United,Centre-Forward,2008-2009,Juventus FC,
23,Retired,"Oct 24, 1985",right,"1,76m",3332,,"Aug 31, 2004",€42.00m,Wayne Rooney,['England'],Manchester-United,Centre-Forward,2008-2009,: Ablöse €37.00m,
28,Retired,"Jan 30, 1981",,,65,,"Sep 1, 2008",€33.00m,Dimitar Berbatov,['Bulgaria'],Manchester-United,Centre-Forward,2008-2009,Tottenham Hotspur,
25,Retired,"Feb 5, 1984",right,"1,71m",4276,,"Aug 10, 2007",€25.00m,Carlos Tevez,['Argentina'],Manchester-United,Centre-Forward,2008-2009,: Ablöse €12.70m,
21,Retired,"Sep 13, 1987",right,"1,72m",42411,,"Jul 1, 2006",€2.80m,Fraizer Campbell,"['England', 'Jamaica']",Manchester-United,Centre-Forward,2008-2009,Manchester United U18,
26,Racing Madrid City FC,"Mar 7, 1983",left,"1,90m",64484,,"Dec 1, 2007",€2.30m,Manucho,"['Angola', 'Portugal']",Manchester-United,Centre-Forward,2008-2009,: Ablöse €1.00m,
18,Brighton & Hove Albion,"Nov 26, 1990",right,"1,85m",67063,,"Jul 1, 2008",€1.80m,Danny Welbeck,"['England', 'Ghana']",Manchester-United,Centre-Forward,2008-2009,Manchester United U18,
17,Asteras Aktor,"Aug 22, 1991",right,"1,85m",61887,,"Jan 1, 2009",€1.50m,Federico Macheda,['Italy'],Manchester-United,Centre-Forward,2008-2009,Manchester United U18,
39,Retired,"Oct 29, 1970",right,"1,99m",3516,,"Jul 1, 2005",€4.50m,Edwin van der Sar,['Netherlands'],Manchester-United,Goalkeeper,2009-2010,Fulham FC,
28,Retired,"Mar 20, 1982",,,1320,,"Jul 2, 2007",€4.00m,Tomasz Kuszczak,"['Poland', 'England']",Manchester-United,Goalkeeper,2009-2010,West Bromwich Albion,
27,Retired,"Apr 3, 1983",left,"1,93m",13572,,"Jul 1, 2005",€3.00m,Ben Foster,['England'],Manchester-United,Goalkeeper,2009-2010,Stoke City,
20,Port Vale FC,"Apr 10, 1990",right,"1,93m",73472,,"Jul 1, 2011",€100k,Ben Amos,['England'],Manchester-United,Goalkeeper,2009-2010,Manchester United Reserves,
28,Retired,"Oct 21, 1981",right,"1,90m",19726,,"Jan 5, 2006",€35.00m,Nemanja Vidic‎,['Serbia'],Manchester-United,Centre-Back,2009-2010,: Ablöse €10.50m,
31,Retired,"Nov 7, 1978",right,"1,89m",3235,,"Jul 22, 2002",€31.00m,Rio Ferdinand,['England'],Manchester-United,Centre-Back,2009-2010,Leeds United,
22,Manchester United,"Jan 3, 1988",both,"1,88m",42412,,"Jul 18, 2023",€8.50m,Jonny Evans,['Northern Ireland'],Manchester-United,Centre-Back,2009-2010,Leicester City,
30,Retired,"Oct 13, 1979",right,"1,85m",3405,,"Jul 1, 1996",€8.00m,Wes Brown,['England'],Manchester-United,Centre-Back,2009-2010,Manchester United U18,
29,Retired,"Apr 30, 1981",right,"1,92m",3540,,"Jul 1, 2001",€7.00m,John O'Shea,['Ireland'],Manchester-United,Centre-Back,2009-2010,Manchester United Reserves,
19,Retired,"Sep 15, 1990",left,"1,85m",73506,,,€50k,Oliver Gill,['England'],Manchester-United,Centre-Back,2009-2010,,
29,Retired,"May 15, 1981",left,"1,74m",5285,,"Jan 10, 2006",€27.00m,Patrice Evra,"['France', 'Senegal']",Manchester-United,Left-Back,2009-2010,: Ablöse €8.00m,
24,Retired,"Aug 4, 1985",right,"1,80m",33544,,"Jul 1, 2009",€17.50m,Antonio Valencia,['Ecuador'],Manchester-United,Right-Back,2009-2010,Wigan Athletic,
19,Botafogo de Futebol e Regatas,"Jul 9, 1990",right,"1,72m",61892,,"Jan 1, 2008",€4.50m,Rafael,"['Brazil', 'Portugal']",Manchester-United,Right-Back,2009-2010,Fluminense Football Club,Knee injury - Return unknown
35,Retired,"Feb 18, 1975",right,"1,80m",3403,,"Jul 1, 1992",€3.00m,Gary Neville,['England'],Manchester-United,Right-Back,2009-2010,Manchester United U18,
19,Grêmio Foot-Ball Porto Alegrense,"Jul 9, 1990",right,"1,72m",61891,,"Jul 1, 2008",€2.00m,Fábio,"['Brazil', 'Portugal']",Manchester-United,Right-Back,2009-2010,Manchester United U18,
21,Retired,"Nov 28, 1988",right,"1,84m",55687,,"Jan 8, 2009",€1.25m,Ritchie De Laet,['Belgium'],Manchester-United,Right-Back,2009-2010,Stoke City,
28,Retired,"Jul 28, 1981",right,"1,89m",3878,,"Jul 31, 2006",€26.00m,Michael Carrick,['England'],Manchester-United,Defensive Midfield,2009-2010,Tottenham Hotspur,
29,Retired,"Jan 20, 1981",,,201,,"Jul 1, 2007",€12.00m,Owen Hargreaves,"['England', 'Canada']",Manchester-United,Defensive Midfield,2009-2010,: Ablöse €25.00m,
29,Retired,"Nov 8, 1980",right,"1,80m",77546,,,€175k,Matt Gill,['England'],Manchester-United,Defensive Midfield,2009-2010,,
22,Retired,"Apr 13, 1988",left,"1,76m",31645,,"Jul 2, 2007",€21.00m,Anderson,['Brazil'],Manchester-United,Central Midfield,2009-2010,FC Porto,
26,Retired,"Feb 1, 1984",right,"1,84m",3547,,"Jul 1, 2001",€18.00m,Darren Fletcher,['Scotland'],Manchester-United,Central Midfield,2009-2010,Manchester United U18,
35,Retired,"Nov 16, 1974",right,"1,68m",3397,,"Jan 8, 2012",€6.00m,Paul Scholes,['England'],Manchester-United,Central Midfield,2009-2010,,
22,Retired,"Oct 25, 1987",right,"1,83m",42413,,"Jul 1, 2008",€2.50m,Darron Gibson,"['Ireland', 'Northern Ireland']",Manchester-United,Central Midfield,2009-2010,Manchester United Reserves,
18,Wrexham AFC,"Jul 22, 1991",right,"1,81m",73522,,,€800k,Matty James,['England'],Manchester-United,Central Midfield,2009-2010,,
21,Retired,"Feb 13, 1989",right,"1,83m",73552,,"Jan 1, 2008",€800k,Rodrigo Possebon,"['Italy', 'Brazil']",Manchester-United,Central Midfield,2009-2010,Sport Club Internacional Jugend,
19,Bradford City,"Jul 30, 1990",right,"1,80m",73501,,,€600k,Corry Evans,['Northern Ireland'],Manchester-United,Central Midfield,2009-2010,,
36,Retired,"Nov 29, 1973",left,"1,79m",3406,,"Jul 1, 1991",€7.50m,Ryan Giggs,['Wales'],Manchester-United,Left Midfield,2009-2010,Manchester United U18,
29,Retired,"Feb 25, 1981",both,"1,78m",4592,,"Jul 5, 2005",€11.50m,Ji-sung Park,"['Korea, South']",Manchester-United,Attacking Midfield,2009-2010,: Ablöse €7.30m,
23,CF Estrela Amadora,"Nov 17, 1986",both,"1,77m",33706,,"Jul 2, 2007",€12.50m,Nani,"['Portugal', 'Cape Verde']",Manchester-United,Left Winger,2009-2010,Sporting CP,
18,FC Toulouse,"Jan 15, 1992",right,"1,80m",91059,,,€100k,Joshua King,['Norway'],Manchester-United,Left Winger,2009-2010,,
19,Retired,"Apr 8, 1991",right,"1,72m",73566,,,,Cameron Stewart,"['England', 'Scotland']",Manchester-United,Left Winger,2009-2010,,
23,Retired,"Apr 28, 1987",left,"1,71m",46180,,"Jan 1, 2009",€5.50m,Zoran Tosic,['Serbia'],Manchester-United,Right Winger,2009-2010,FK Partizan Belgrade,
21,Charlotte Independence,"Feb 26, 1989",right,"1,86m",43261,,"Jul 8, 2009",€3.50m,Gabriel Obertan,"['France', 'Guadeloupe']",Manchester-United,Right Winger,2009-2010,: Ablöse €4.00m,
19,Molde FK,"Aug 8, 1990",right,"1,73m",54775,,,,Magnus Wolff Eikrem,['Norway'],Manchester-United,Second Striker,2009-2010,,unknown injury - Return unknown
24,Retired,"Oct 24, 1985",right,"1,76m",3332,,"Aug 31, 2004",€53.00m,Wayne Rooney,['England'],Manchester-United,Centre-Forward,2009-2010,: Ablöse €37.00m,
29,Retired,"Jan 30, 1981",,,65,,"Sep 1, 2008",€29.00m,Dimitar Berbatov,['Bulgaria'],Manchester-United,Centre-Forward,2009-2010,Tottenham Hotspur,
30,Retired,"Dec 14, 1979",both,"1,73m",1397,,"Jul 3, 2009",€11.00m,Michael Owen,['England'],Manchester-United,Centre-Forward,2009-2010,Newcastle United,
22,Ankara Keciörengücü,"Dec 16, 1987",right,"1,85m",62049,,"Jul 17, 2009",€3.00m,Mame Diouf,['Senegal'],Manchester-United,Centre-Forward,2009-2010,Molde FK,
19,Brighton & Hove Albion,"Nov 26, 1990",right,"1,85m",67063,,"Jul 1, 2008",€2.50m,Danny Welbeck,"['England', 'Ghana']",Manchester-United,Centre-Forward,2009-2010,Manchester United U18,
18,Asteras Aktor,"Aug 22, 1991",right,"1,85m",61887,,"Jan 1, 2009",€1.50m,Federico Macheda,['Italy'],Manchester-United,Centre-Forward,2009-2010,Manchester United U18,
27,Retired,"Apr 13, 1984",right,"1,93m",22491,,"Jan 6, 2011",€3.20m,Anders Lindegaard,['Denmark'],Manchester-United,Goalkeeper,2010-2011,: Ablöse €5.00m,
29,Retired,"Mar 20, 1982",,,1320,,"Jul 2, 2007",€3.00m,Tomasz Kuszczak,"['Poland', 'England']",Manchester-United,Goalkeeper,2010-2011,West Bromwich Albion,
40,Retired,"Oct 29, 1970",right,"1,99m",3516,,"Jul 1, 2005",,Edwin van der Sar,['Netherlands'],Manchester-United,Goalkeeper,2010-2011,Fulham FC,
21,Port Vale FC,"Apr 10, 1990",right,"1,93m",73472,,"Jul 1, 2011",,Ben Amos,['England'],Manchester-United,Goalkeeper,2010-2011,Manchester United Reserves,
29,Retired,"Oct 21, 1981",right,"1,90m",19726,,"Jan 5, 2006",€37.00m,Nemanja Vidic‎,['Serbia'],Manchester-United,Centre-Back,2010-2011,: Ablöse €10.50m,
32,Retired,"Nov 7, 1978",right,"1,89m",3235,,"Jul 22, 2002",€20.00m,Rio Ferdinand,['England'],Manchester-United,Centre-Back,2010-2011,Leeds United,
23,Manchester United,"Jan 3, 1988",both,"1,88m",42412,,"Jul 18, 2023",€9.00m,Jonny Evans,['Northern Ireland'],Manchester-United,Centre-Back,2010-2011,Leicester City,
30,Retired,"Apr 30, 1981",right,"1,92m",3540,,"Jul 1, 2001",€6.50m,John O'Shea,['Ireland'],Manchester-United,Centre-Back,2010-2011,Manchester United Reserves,
31,Retired,"Oct 13, 1979",right,"1,85m",3405,,"Jul 1, 1996",€6.00m,Wes Brown,['England'],Manchester-United,Centre-Back,2010-2011,Manchester United U18,
21,Al-Fayha FC,"Nov 22, 1989",right,"1,94m",103427,,"Jul 1, 2010",€5.00m,Chris Smalling,"['England', 'Jamaica']",Manchester-United,Centre-Back,2010-2011,Fulham FC,
20,Retired,"Sep 15, 1990",left,"1,85m",73506,,,,Oliver Gill,['England'],Manchester-United,Centre-Back,2010-2011,,
30,Retired,"May 15, 1981",left,"1,74m",5285,,"Jan 10, 2006",€27.00m,Patrice Evra,"['France', 'Senegal']",Manchester-United,Left-Back,2010-2011,: Ablöse €8.00m,
25,Retired,"Aug 4, 1985",right,"1,80m",33544,,"Jul 1, 2009",€19.00m,Antonio Valencia,['Ecuador'],Manchester-United,Right-Back,2010-2011,Wigan Athletic,
20,Botafogo de Futebol e Regatas,"Jul 9, 1990",right,"1,72m",61892,,"Jan 1, 2008",€10.00m,Rafael,"['Brazil', 'Portugal']",Manchester-United,Right-Back,2010-2011,Fluminense Football Club,Knee injury - Return unknown
20,Grêmio Foot-Ball Porto Alegrense,"Jul 9, 1990",right,"1,72m",61891,,"Jul 1, 2008",€3.50m,Fábio,"['Brazil', 'Portugal']",Manchester-United,Right-Back,2010-2011,Manchester United U18,
22,Retired,"Nov 28, 1988",right,"1,84m",55687,,"Jan 8, 2009",€1.25m,Ritchie De Laet,['Belgium'],Manchester-United,Right-Back,2010-2011,Stoke City,
36,Retired,"Feb 18, 1975",right,"1,80m",3403,,"Jul 1, 1992",,Gary Neville,['England'],Manchester-United,Right-Back,2010-2011,Manchester United U18,
29,Retired,"Jul 28, 1981",right,"1,89m",3878,,"Jul 31, 2006",€18.00m,Michael Carrick,['England'],Manchester-United,Defensive Midfield,2010-2011,Tottenham Hotspur,
30,Retired,"Jan 20, 1981",,,201,,"Jul 1, 2007",€5.50m,Owen Hargreaves,"['England', 'Canada']",Manchester-United,Defensive Midfield,2010-2011,: Ablöse €25.00m,
27,Retired,"Feb 1, 1984",right,"1,84m",3547,,"Jul 1, 2001",€22.00m,Darren Fletcher,['Scotland'],Manchester-United,Central Midfield,2010-2011,Manchester United U18,
23,Retired,"Apr 13, 1988",left,"1,76m",31645,,"Jul 2, 2007",€21.00m,Anderson,['Brazil'],Manchester-United,Central Midfield,2010-2011,FC Porto,
36,Retired,"Nov 16, 1974",right,"1,68m",3397,,"Jan 8, 2012",€4.50m,Paul Scholes,['England'],Manchester-United,Central Midfield,2010-2011,,
23,Retired,"Oct 25, 1987",right,"1,83m",42413,,"Jul 1, 2008",€3.50m,Darron Gibson,"['Ireland', 'Northern Ireland']",Manchester-United,Central Midfield,2010-2011,Manchester United Reserves,
21,Retired,"Aug 12, 1989",right,"1,75m",73484,,"Jul 1, 2008",€2.50m,Tom Cleverley,['England'],Manchester-United,Central Midfield,2010-2011,Manchester United U18,
20,Bradford City,"Jul 30, 1990",right,"1,80m",73501,,,,Corry Evans,['Northern Ireland'],Manchester-United,Central Midfield,2010-2011,,
18,Juventus FC,"Mar 15, 1993",both,"1,91m",122153,,"Aug 9, 2016",,Paul Pogba,"['France', 'Guinea']",Manchester-United,Central Midfield,2010-2011,: Ablöse €105.00m,"Doping ban - until Mar 10, 2025 - cross-competition"
18,Adelaide United,"Dec 30, 1992",right,"1,83m",110868,,,,Ryan Tunnicliffe,['England'],Manchester-United,Central Midfield,2010-2011,,
37,Retired,"Nov 29, 1973",left,"1,79m",3406,,"Jul 1, 1991",€4.50m,Ryan Giggs,['Wales'],Manchester-United,Left Midfield,2010-2011,Manchester United U18,
19,Preston North End,"Jan 14, 1992",left,"1,76m",128229,,,,Robbie Brady,['Ireland'],Manchester-United,Left Midfield,2010-2011,,Injury to the ankle - Return unknown
30,Retired,"Feb 25, 1981",both,"1,78m",4592,,"Jul 5, 2005",€12.00m,Ji-sung Park,"['Korea, South']",Manchester-United,Attacking Midfield,2010-2011,: Ablöse €7.30m,
18,Precision FC,"Feb 2, 1993",right,"1,75m",128907,,,,Ravel Morrison,"['Jamaica', 'England']",Manchester-United,Attacking Midfield,2010-2011,,
24,CF Estrela Amadora,"Nov 17, 1986",both,"1,77m",33706,,"Jul 2, 2007",€28.00m,Nani,"['Portugal', 'Cape Verde']",Manchester-United,Left Winger,2010-2011,Sporting CP,
20,Racing Ferrol,"Jul 12, 1990",right,"1,90m",153427,,"Aug 1, 2010",€1.50m,Bebé,"['Cape Verde', 'Portugal']",Manchester-United,Left Winger,2010-2011,Vitória Guimarães SC,
19,FC Toulouse,"Jan 15, 1992",right,"1,80m",91059,,,€250k,Joshua King,['Norway'],Manchester-United,Left Winger,2010-2011,,
22,Charlotte Independence,"Feb 26, 1989",right,"1,86m",43261,,"Jul 8, 2009",€3.50m,Gabriel Obertan,"['France', 'Guadeloupe']",Manchester-United,Right Winger,2010-2011,: Ablöse €4.00m,
20,Molde FK,"Aug 8, 1990",right,"1,73m",54775,,,,Magnus Wolff Eikrem,['Norway'],Manchester-United,Second Striker,2010-2011,,unknown injury - Return unknown
25,Retired,"Oct 24, 1985",right,"1,76m",3332,,"Aug 31, 2004",€52.00m,Wayne Rooney,['England'],Manchester-United,Centre-Forward,2010-2011,: Ablöse €37.00m,
30,Retired,"Jan 30, 1981",,,65,,"Sep 1, 2008",€28.00m,Dimitar Berbatov,['Bulgaria'],Manchester-United,Centre-Forward,2010-2011,Tottenham Hotspur,
23,Deportivo Guadalajara,"Jun 1, 1988",right,"1,75m",50935,,"Jul 1, 2010",€11.00m,Chicharito,['Mexico'],Manchester-United,Centre-Forward,2010-2011,Deportivo Guadalajara,
31,Retired,"Dec 14, 1979",both,"1,73m",1397,,"Jul 3, 2009",€7.00m,Michael Owen,['England'],Manchester-United,Centre-Forward,2010-2011,Newcastle United,
20,Brighton & Hove Albion,"Nov 26, 1990",right,"1,85m",67063,,"Jul 1, 2008",€6.00m,Danny Welbeck,"['England', 'Ghana']",Manchester-United,Centre-Forward,2010-2011,Manchester United U18,
23,Ankara Keciörengücü,"Dec 16, 1987",right,"1,85m",62049,,"Jul 17, 2009",€4.00m,Mame Diouf,['Senegal'],Manchester-United,Centre-Forward,2010-2011,Molde FK,
19,Asteras Aktor,"Aug 22, 1991",right,"1,85m",61887,,"Jan 1, 2009",€2.80m,Federico Macheda,['Italy'],Manchester-United,Centre-Forward,2010-2011,Manchester United U18,
21,ACF Fiorentina,"Nov 7, 1990",right,"1,92m",59377,,"Jul 1, 2011",€17.50m,David de Gea,['Spain'],Manchester-United,Goalkeeper,2011-2012,: Ablöse €25.00m,
28,Retired,"Apr 13, 1984",right,"1,93m",22491,,"Jan 6, 2011",€5.00m,Anders Lindegaard,['Denmark'],Manchester-United,Goalkeeper,2011-2012,: Ablöse €5.00m,
30,Retired,"Mar 20, 1982",,,1320,,"Jul 2, 2007",€1.25m,Tomasz Kuszczak,"['Poland', 'England']",Manchester-United,Goalkeeper,2011-2012,West Bromwich Albion,
22,Port Vale FC,"Apr 10, 1990",right,"1,93m",73472,,"Jul 1, 2011",€750k,Ben Amos,['England'],Manchester-United,Goalkeeper,2011-2012,Manchester United Reserves,
30,Retired,"Oct 21, 1981",right,"1,90m",19726,,"Jan 5, 2006",€25.50m,Nemanja Vidic‎,['Serbia'],Manchester-United,Centre-Back,2011-2012,: Ablöse €10.50m,
20,Retired,"Feb 21, 1992",right,"1,85m",117996,,"Jul 1, 2011",€18.00m,Phil Jones,['England'],Manchester-United,Centre-Back,2011-2012,Blackburn Rovers,
22,Al-Fayha FC,"Nov 22, 1989",right,"1,94m",103427,,"Jul 1, 2010",€15.00m,Chris Smalling,"['England', 'Jamaica']",Manchester-United,Centre-Back,2011-2012,Fulham FC,
24,Manchester United,"Jan 3, 1988",both,"1,88m",42412,,"Jul 18, 2023",€9.50m,Jonny Evans,['Northern Ireland'],Manchester-United,Centre-Back,2011-2012,Leicester City,
33,Retired,"Nov 7, 1978",right,"1,89m",3235,,"Jul 22, 2002",€6.00m,Rio Ferdinand,['England'],Manchester-United,Centre-Back,2011-2012,Leeds United,
19,Everton FC,"Jan 11, 1993",right,"1,88m",118534,,,€100k,Michael Keane,"['England', 'Ireland']",Manchester-United,Centre-Back,2011-2012,,
20,Retired,"Nov 1, 1991",right,"1,88m",127996,,"Jul 1, 2010",,Reece Brown,"['England', 'Jamaica']",Manchester-United,Centre-Back,2011-2012,Manchester United U18,
19,Without Club,"Jan 13, 1993",right,"1,88m",128911,,"Jul 1, 2013",,Tom Thorpe,['England'],Manchester-United,Centre-Back,2011-2012,Manchester United U21,
26,Everton FC,"Jul 9, 1985",both,"1,75m",14086,,"Jul 1, 2011",€27.00m,Ashley Young,"['England', 'Jamaica']",Manchester-United,Left-Back,2011-2012,: Ablöse €18.00m,
31,Retired,"May 15, 1981",left,"1,74m",5285,,"Jan 10, 2006",€15.50m,Patrice Evra,"['France', 'Senegal']",Manchester-United,Left-Back,2011-2012,: Ablöse €8.00m,
20,KVV Thes Sport,"Jan 13, 1992",right,"1,80m",110798,,"Jul 1, 2012",,Marnick Vermijl,['Belgium'],Manchester-United,Left-Back,2011-2012,Manchester United U18,
19,Retired,"Sep 9, 1992",left,"1,85m",141655,,,,Zeki Fryers,['England'],Manchester-United,Left-Back,2011-2012,,
26,Retired,"Aug 4, 1985",right,"1,80m",33544,,"Jul 1, 2009",€27.50m,Antonio Valencia,['Ecuador'],Manchester-United,Right-Back,2011-2012,Wigan Athletic,
21,Botafogo de Futebol e Regatas,"Jul 9, 1990",right,"1,72m",61892,,"Jan 1, 2008",€9.00m,Rafael,"['Brazil', 'Portugal']",Manchester-United,Right-Back,2011-2012,Fluminense Football Club,Knee injury - Return unknown
21,Grêmio Foot-Ball Porto Alegrense,"Jul 9, 1990",right,"1,72m",61891,,"Jul 1, 2008",€7.50m,Fábio,"['Brazil', 'Portugal']",Manchester-United,Right-Back,2011-2012,Manchester United U18,
23,Retired,"Nov 28, 1988",right,"1,84m",55687,,"Jan 8, 2009",€1.25m,Ritchie De Laet,['Belgium'],Manchester-United,Right-Back,2011-2012,Stoke City,
30,Retired,"Jul 28, 1981",right,"1,89m",3878,,"Jul 31, 2006",€14.00m,Michael Carrick,['England'],Manchester-United,Defensive Midfield,2011-2012,Tottenham Hotspur,
24,Retired,"Apr 13, 1988",left,"1,76m",31645,,"Jul 2, 2007",€12.00m,Anderson,['Brazil'],Manchester-United,Central Midfield,2011-2012,FC Porto,
28,Retired,"Feb 1, 1984",right,"1,84m",3547,,"Jul 1, 2001",€10.00m,Darren Fletcher,['Scotland'],Manchester-United,Central Midfield,2011-2012,Manchester United U18,
22,Retired,"Aug 12, 1989",right,"1,75m",73484,,"Jul 1, 2008",€8.50m,Tom Cleverley,['England'],Manchester-United,Central Midfield,2011-2012,Manchester United U18,
24,Retired,"Oct 25, 1987",right,"1,83m",42413,,"Jul 1, 2008",€3.50m,Darron Gibson,"['Ireland', 'Northern Ireland']",Manchester-United,Central Midfield,2011-2012,Manchester United Reserves,
19,Juventus FC,"Mar 15, 1993",both,"1,91m",122153,,"Aug 9, 2016",€3.50m,Paul Pogba,"['France', 'Guinea']",Manchester-United,Central Midfield,2011-2012,: Ablöse €105.00m,"Doping ban - until Mar 10, 2025 - cross-competition"
37,Retired,"Nov 16, 1974",right,"1,68m",3397,,"Jan 8, 2012",€1.00m,Paul Scholes,['England'],Manchester-United,Central Midfield,2011-2012,,
19,Unknown,"Mar 9, 1993",right,"1,68m",141650,,,,Larnell Cole,['England'],Manchester-United,Right Midfield,2011-2012,,
38,Retired,"Nov 29, 1973",left,"1,79m",3406,,"Jul 1, 1991",€1.00m,Ryan Giggs,['Wales'],Manchester-United,Left Midfield,2011-2012,Manchester United U18,
31,Retired,"Feb 25, 1981",both,"1,78m",4592,,"Jul 5, 2005",€6.50m,Ji-sung Park,"['Korea, South']",Manchester-United,Attacking Midfield,2011-2012,: Ablöse €7.30m,
19,Precision FC,"Feb 2, 1993",right,"1,75m",128907,,,€750k,Ravel Morrison,"['Jamaica', 'England']",Manchester-United,Attacking Midfield,2011-2012,,
19,FC Seoul,"Dec 15, 1992",right,"1,74m",141660,,"Jul 1, 2014",,Jesse Lingard,['England'],Manchester-United,Attacking Midfield,2011-2012,Manchester United U21,
25,CF Estrela Amadora,"Nov 17, 1986",both,"1,77m",33706,,"Jul 2, 2007",€36.50m,Nani,"['Portugal', 'Cape Verde']",Manchester-United,Left Winger,2011-2012,Sporting CP,
26,Retired,"Oct 24, 1985",right,"1,76m",3332,,"Aug 31, 2004",€65.00m,Wayne Rooney,['England'],Manchester-United,Centre-Forward,2011-2012,: Ablöse €37.00m,
24,Deportivo Guadalajara,"Jun 1, 1988",right,"1,75m",50935,,"Jul 1, 2010",€18.00m,Chicharito,['Mexico'],Manchester-United,Centre-Forward,2011-2012,Deportivo Guadalajara,
21,Brighton & Hove Albion,"Nov 26, 1990",right,"1,85m",67063,,"Jul 1, 2008",€17.00m,Danny Welbeck,"['England', 'Ghana']",Manchester-United,Centre-Forward,2011-2012,Manchester United U18,
31,Retired,"Jan 30, 1981",,,65,,"Sep 1, 2008",€11.50m,Dimitar Berbatov,['Bulgaria'],Manchester-United,Centre-Forward,2011-2012,Tottenham Hotspur,
24,Ankara Keciörengücü,"Dec 16, 1987",right,"1,85m",62049,,"Jul 17, 2009",€5.00m,Mame Diouf,['Senegal'],Manchester-United,Centre-Forward,2011-2012,Molde FK,
20,Asteras Aktor,"Aug 22, 1991",right,"1,85m",61887,,"Jan 1, 2009",€2.50m,Federico Macheda,['Italy'],Manchester-United,Centre-Forward,2011-2012,Manchester United U18,
32,Retired,"Dec 14, 1979",both,"1,73m",1397,,"Jul 3, 2009",€1.50m,Michael Owen,['England'],Manchester-United,Centre-Forward,2011-2012,Newcastle United,
19,Preston North End,"Jan 11, 1993",right,"1,88m",118535,,"Jul 1, 2013",,Will Keane,"['Ireland', 'England']",Manchester-United,Centre-Forward,2011-2012,Manchester United U21,
22,ACF Fiorentina,"Nov 7, 1990",right,"1,92m",59377,,"Jul 1, 2011",€17.00m,David de Gea,['Spain'],Manchester-United,Goalkeeper,2012-2013,: Ablöse €25.00m,
29,Retired,"Apr 13, 1984",right,"1,93m",22491,,"Jan 6, 2011",€6.50m,Anders Lindegaard,['Denmark'],Manchester-United,Goalkeeper,2012-2013,: Ablöse €5.00m,
23,Port Vale FC,"Apr 10, 1990",right,"1,93m",73472,,"Jul 1, 2011",€750k,Ben Amos,['England'],Manchester-United,Goalkeeper,2012-2013,Manchester United Reserves,
20,Wolverhampton Wanderers,"Mar 25, 1993",right,"1,93m",110864,,"Jul 1, 2011",,Sam Johnstone,['England'],Manchester-United,Goalkeeper,2012-2013,Manchester United U18,
31,Retired,"Oct 21, 1981",right,"1,90m",19726,,"Jan 5, 2006",€21.00m,Nemanja Vidic‎,['Serbia'],Manchester-United,Centre-Back,2012-2013,: Ablöse €10.50m,
21,Retired,"Feb 21, 1992",right,"1,85m",117996,,"Jul 1, 2011",€17.00m,Phil Jones,['England'],Manchester-United,Centre-Back,2012-2013,Blackburn Rovers,
23,Al-Fayha FC,"Nov 22, 1989",right,"1,94m",103427,,"Jul 1, 2010",€14.00m,Chris Smalling,"['England', 'Jamaica']",Manchester-United,Centre-Back,2012-2013,Fulham FC,
25,Manchester United,"Jan 3, 1988",both,"1,88m",42412,,"Jul 18, 2023",€13.00m,Jonny Evans,['Northern Ireland'],Manchester-United,Centre-Back,2012-2013,Leicester City,
34,Retired,"Nov 7, 1978",right,"1,89m",3235,,"Jul 22, 2002",€3.50m,Rio Ferdinand,['England'],Manchester-United,Centre-Back,2012-2013,Leeds United,
20,Everton FC,"Jan 11, 1993",right,"1,88m",118534,,,,Michael Keane,"['England', 'Ireland']",Manchester-United,Centre-Back,2012-2013,,
21,Wellington Phoenix,"Sep 12, 1991",right,"1,88m",128262,,,,Scott Wootton,['England'],Manchester-United,Centre-Back,2012-2013,,
27,Everton FC,"Jul 9, 1985",both,"1,75m",14086,,"Jul 1, 2011",€25.00m,Ashley Young,"['England', 'Jamaica']",Manchester-United,Left-Back,2012-2013,: Ablöse €18.00m,
32,Retired,"May 15, 1981",left,"1,74m",5285,,"Jan 10, 2006",€13.00m,Patrice Evra,"['France', 'Senegal']",Manchester-United,Left-Back,2012-2013,: Ablöse €8.00m,
24,Vitesse Arnhem,"Feb 11, 1989",left,"1,74m",38003,,"Aug 21, 2012",€5.00m,Alexander Büttner,['Netherlands'],Manchester-United,Left-Back,2012-2013,Vitesse Arnhem,
21,KVV Thes Sport,"Jan 13, 1992",right,"1,80m",110798,,"Jul 1, 2012",,Marnick Vermijl,['Belgium'],Manchester-United,Left-Back,2012-2013,Manchester United U18,
27,Retired,"Aug 4, 1985",right,"1,80m",33544,,"Jul 1, 2009",€24.00m,Antonio Valencia,['Ecuador'],Manchester-United,Right-Back,2012-2013,Wigan Athletic,
22,Botafogo de Futebol e Regatas,"Jul 9, 1990",right,"1,72m",61892,,"Jan 1, 2008",€14.50m,Rafael,"['Brazil', 'Portugal']",Manchester-United,Right-Back,2012-2013,Fluminense Football Club,Knee injury - Return unknown
22,Grêmio Foot-Ball Porto Alegrense,"Jul 9, 1990",right,"1,72m",61891,,"Jul 1, 2008",€7.00m,Fábio,"['Brazil', 'Portugal']",Manchester-United,Right-Back,2012-2013,Manchester United U18,
31,Retired,"Jul 28, 1981",right,"1,89m",3878,,"Jul 31, 2006",€11.00m,Michael Carrick,['England'],Manchester-United,Defensive Midfield,2012-2013,Tottenham Hotspur,
23,Retired,"Aug 12, 1989",right,"1,75m",73484,,"Jul 1, 2008",€12.50m,Tom Cleverley,['England'],Manchester-United,Central Midfield,2012-2013,Manchester United U18,
25,Retired,"Apr 13, 1988",left,"1,76m",31645,,"Jul 2, 2007",€12.00m,Anderson,['Brazil'],Manchester-United,Central Midfield,2012-2013,FC Porto,
29,Retired,"Feb 1, 1984",right,"1,84m",3547,,"Jul 1, 2001",€7.50m,Darren Fletcher,['Scotland'],Manchester-United,Central Midfield,2012-2013,Manchester United U18,
38,Retired,"Nov 16, 1974",right,"1,68m",3397,,"Jan 8, 2012",€1.00m,Paul Scholes,['England'],Manchester-United,Central Midfield,2012-2013,,
20,Adelaide United,"Dec 30, 1992",right,"1,83m",110868,,,,Ryan Tunnicliffe,['England'],Manchester-United,Central Midfield,2012-2013,,
20,Unknown,"Mar 9, 1993",right,"1,68m",141650,,,,Larnell Cole,['England'],Manchester-United,Right Midfield,2012-2013,,
21,Preston North End,"Jan 14, 1992",left,"1,76m",128229,,,€2.50m,Robbie Brady,['Ireland'],Manchester-United,Left Midfield,2012-2013,,Injury to the ankle - Return unknown
39,Retired,"Nov 29, 1973",left,"1,79m",3406,,"Jul 1, 1991",€1.00m,Ryan Giggs,['Wales'],Manchester-United,Left Midfield,2012-2013,Manchester United U18,
24,Cerezo Osaka,"Mar 17, 1989",right,"1,75m",81785,,"Jul 1, 2012",€21.00m,Shinji Kagawa,['Japan'],Manchester-United,Attacking Midfield,2012-2013,Borussia Dortmund,
19,Stockport County,"Mar 23, 1994",both,"1,83m",134424,,"Jul 1, 2012",€5.00m,Nick Powell,['England'],Manchester-United,Attacking Midfield,2012-2013,Crewe Alexandra,
20,FC Seoul,"Dec 15, 1992",right,"1,74m",141660,,"Jul 1, 2014",,Jesse Lingard,['England'],Manchester-United,Attacking Midfield,2012-2013,Manchester United U21,
26,CF Estrela Amadora,"Nov 17, 1986",both,"1,77m",33706,,"Jul 2, 2007",€27.00m,Nani,"['Portugal', 'Cape Verde']",Manchester-United,Left Winger,2012-2013,Sporting CP,
20,Olympique Lyon,"Nov 10, 1992",right,"1,80m",145988,,"Jan 25, 2013",€12.00m,Wilfried Zaha,"[""Cote d'Ivoire"", 'England']",Manchester-United,Left Winger,2012-2013,: Ablöse €11.75m,
21,FC Toulouse,"Jan 15, 1992",right,"1,80m",91059,,,€1.25m,Joshua King,['Norway'],Manchester-United,Left Winger,2012-2013,,
18,UD Las Palmas,"Feb 5, 1995",left,"1,86m",177847,,"Jul 1, 2013",,Adnan Januzaj,"['Belgium', 'Kosovo']",Manchester-United,Right Winger,2012-2013,Manchester United U21,
27,Retired,"Oct 24, 1985",right,"1,76m",3332,,"Aug 31, 2004",€65.00m,Wayne Rooney,['England'],Manchester-United,Centre-Forward,2012-2013,: Ablöse €37.00m,
29,Retired,"Aug 6, 1983",left,"1,83m",4380,,"Aug 17, 2012",€45.00m,Robin van Persie,['Netherlands'],Manchester-United,Centre-Forward,2012-2013,Arsenal FC,
25,Deportivo Guadalajara,"Jun 1, 1988",right,"1,75m",50935,,"Jul 1, 2010",€22.00m,Chicharito,['Mexico'],Manchester-United,Centre-Forward,2012-2013,Deportivo Guadalajara,
22,Brighton & Hove Albion,"Nov 26, 1990",right,"1,85m",67063,,"Jul 1, 2008",€17.00m,Danny Welbeck,"['England', 'Ghana']",Manchester-United,Centre-Forward,2012-2013,Manchester United U18,
32,Retired,"Jan 30, 1981",,,65,,"Sep 1, 2008",€7.00m,Dimitar Berbatov,['Bulgaria'],Manchester-United,Centre-Forward,2012-2013,Tottenham Hotspur,
19,PAS Lamia 1964,"Apr 13, 1994",right,"1,75m",189740,,"Aug 15, 2012",€4.00m,Ángelo Henríquez,['Chile'],Manchester-United,Centre-Forward,2012-2013,Club Universidad de Chile,
21,Asteras Aktor,"Aug 22, 1991",right,"1,85m",61887,,"Jan 1, 2009",€2.50m,Federico Macheda,['Italy'],Manchester-United,Centre-Forward,2012-2013,Manchester United U18,
23,ACF Fiorentina,"Nov 7, 1990",right,"1,92m",59377,,"Jul 1, 2011",€17.00m,David de Gea,['Spain'],Manchester-United,Goalkeeper,2013-2014,: Ablöse €25.00m,
30,Retired,"Apr 13, 1984",right,"1,93m",22491,,"Jan 6, 2011",€2.50m,Anders Lindegaard,['Denmark'],Manchester-United,Goalkeeper,2013-2014,: Ablöse €5.00m,
24,Port Vale FC,"Apr 10, 1990",right,"1,93m",73472,,"Jul 1, 2011",€1.00m,Ben Amos,['England'],Manchester-United,Goalkeeper,2013-2014,Manchester United Reserves,
21,Wolverhampton Wanderers,"Mar 25, 1993",right,"1,93m",110864,,"Jul 1, 2011",€250k,Sam Johnstone,['England'],Manchester-United,Goalkeeper,2013-2014,Manchester United U18,
22,Retired,"Feb 21, 1992",right,"1,85m",117996,,"Jul 1, 2011",€18.00m,Phil Jones,['England'],Manchester-United,Centre-Back,2013-2014,Blackburn Rovers,
26,Manchester United,"Jan 3, 1988",both,"1,88m",42412,,"Jul 18, 2023",€13.00m,Jonny Evans,['Northern Ireland'],Manchester-United,Centre-Back,2013-2014,Leicester City,
24,Al-Fayha FC,"Nov 22, 1989",right,"1,94m",103427,,"Jul 1, 2010",€12.00m,Chris Smalling,"['England', 'Jamaica']",Manchester-United,Centre-Back,2013-2014,Fulham FC,
32,Retired,"Oct 21, 1981",right,"1,90m",19726,,"Jan 5, 2006",€10.00m,Nemanja Vidic‎,['Serbia'],Manchester-United,Centre-Back,2013-2014,: Ablöse €10.50m,
35,Retired,"Nov 7, 1978",right,"1,89m",3235,,"Jul 22, 2002",€1.50m,Rio Ferdinand,['England'],Manchester-United,Centre-Back,2013-2014,Leeds United,
21,Everton FC,"Jan 11, 1993",right,"1,88m",118534,,,€500k,Michael Keane,"['England', 'Ireland']",Manchester-United,Centre-Back,2013-2014,,
28,Everton FC,"Jul 9, 1985",both,"1,75m",14086,,"Jul 1, 2011",€14.00m,Ashley Young,"['England', 'Jamaica']",Manchester-United,Left-Back,2013-2014,: Ablöse €18.00m,
33,Retired,"May 15, 1981",left,"1,74m",5285,,"Jan 10, 2006",€7.50m,Patrice Evra,"['France', 'Senegal']",Manchester-United,Left-Back,2013-2014,: Ablöse €8.00m,
25,Vitesse Arnhem,"Feb 11, 1989",left,"1,74m",38003,,"Aug 21, 2012",€3.50m,Alexander Büttner,['Netherlands'],Manchester-United,Left-Back,2013-2014,Vitesse Arnhem,
28,Retired,"Aug 4, 1985",right,"1,80m",33544,,"Jul 1, 2009",€16.00m,Antonio Valencia,['Ecuador'],Manchester-United,Right-Back,2013-2014,Wigan Athletic,
23,Botafogo de Futebol e Regatas,"Jul 9, 1990",right,"1,72m",61892,,"Jan 1, 2008",€15.00m,Rafael,"['Brazil', 'Portugal']",Manchester-United,Right-Back,2013-2014,Fluminense Football Club,Knee injury - Return unknown
23,Grêmio Foot-Ball Porto Alegrense,"Jul 9, 1990",right,"1,72m",61891,,"Jul 1, 2008",€4.00m,Fábio,"['Brazil', 'Portugal']",Manchester-United,Right-Back,2013-2014,Manchester United U18,
32,Retired,"Jul 28, 1981",right,"1,89m",3878,,"Jul 31, 2006",€8.50m,Michael Carrick,['England'],Manchester-United,Defensive Midfield,2013-2014,Tottenham Hotspur,
26,Retired,"Nov 22, 1987",right,"1,94m",39679,,"Sep 2, 2013",€23.00m,Marouane Fellaini,"['Belgium', 'Morocco']",Manchester-United,Central Midfield,2013-2014,: Ablöse €32.40m,
24,Retired,"Aug 12, 1989",right,"1,75m",73484,,"Jul 1, 2008",€14.00m,Tom Cleverley,['England'],Manchester-United,Central Midfield,2013-2014,Manchester United U18,
26,Retired,"Apr 13, 1988",left,"1,76m",31645,,"Jul 2, 2007",€5.00m,Anderson,['Brazil'],Manchester-United,Central Midfield,2013-2014,FC Porto,
30,Retired,"Feb 1, 1984",right,"1,84m",3547,,"Jul 1, 2001",€4.00m,Darren Fletcher,['Scotland'],Manchester-United,Central Midfield,2013-2014,Manchester United U18,
40,Retired,"Nov 29, 1973",left,"1,79m",3406,,"Jul 1, 1991",€1.00m,Ryan Giggs,['Wales'],Manchester-United,Left Midfield,2013-2014,Manchester United U18,
26,Western Sydney Wanderers,"Apr 28, 1988",left,"1,70m",44068,,"Jan 24, 2014",€40.00m,Juan Mata,['Spain'],Manchester-United,Attacking Midfield,2013-2014,Chelsea FC,
25,Cerezo Osaka,"Mar 17, 1989",right,"1,75m",81785,,"Jul 1, 2012",€17.00m,Shinji Kagawa,['Japan'],Manchester-United,Attacking Midfield,2013-2014,Borussia Dortmund,
21,FC Seoul,"Dec 15, 1992",right,"1,74m",141660,,"Jul 1, 2014",€1.00m,Jesse Lingard,['England'],Manchester-United,Attacking Midfield,2013-2014,Manchester United U21,
20,Rangers FC,"Jan 13, 1994",right,"1,75m",229970,,,,Tom Lawrence,['Wales'],Manchester-United,Attacking Midfield,2013-2014,,
27,CF Estrela Amadora,"Nov 17, 1986",both,"1,77m",33706,,"Jul 2, 2007",€16.00m,Nani,"['Portugal', 'Cape Verde']",Manchester-United,Left Winger,2013-2014,Sporting CP,
21,Olympique Lyon,"Nov 10, 1992",right,"1,80m",145988,,"Jan 25, 2013",€8.00m,Wilfried Zaha,"[""Cote d'Ivoire"", 'England']",Manchester-United,Left Winger,2013-2014,: Ablöse €11.75m,
23,Racing Ferrol,"Jul 12, 1990",right,"1,90m",153427,,"Aug 1, 2010",€1.00m,Bebé,"['Cape Verde', 'Portugal']",Manchester-United,Left Winger,2013-2014,Vitória Guimarães SC,
19,UD Las Palmas,"Feb 5, 1995",left,"1,86m",177847,,"Jul 1, 2013",€6.00m,Adnan Januzaj,"['Belgium', 'Kosovo']",Manchester-United,Right Winger,2013-2014,Manchester United U21,
28,Retired,"Oct 24, 1985",right,"1,76m",3332,,"Aug 31, 2004",€45.00m,Wayne Rooney,['England'],Manchester-United,Centre-Forward,2013-2014,: Ablöse €37.00m,
30,Retired,"Aug 6, 1983",left,"1,83m",4380,,"Aug 17, 2012",€40.00m,Robin van Persie,['Netherlands'],Manchester-United,Centre-Forward,2013-2014,Arsenal FC,
23,Brighton & Hove Albion,"Nov 26, 1990",right,"1,85m",67063,,"Jul 1, 2008",€17.00m,Danny Welbeck,"['England', 'Ghana']",Manchester-United,Centre-Forward,2013-2014,Manchester United U18,
26,Deportivo Guadalajara,"Jun 1, 1988",right,"1,75m",50935,,"Jul 1, 2010",€16.00m,Chicharito,['Mexico'],Manchester-United,Centre-Forward,2013-2014,Deportivo Guadalajara,
20,PAS Lamia 1964,"Apr 13, 1994",right,"1,75m",189740,,"Aug 15, 2012",€2.80m,Ángelo Henríquez,['Chile'],Manchester-United,Centre-Forward,2013-2014,Club Universidad de Chile,
22,Asteras Aktor,"Aug 22, 1991",right,"1,85m",61887,,"Jan 1, 2009",€1.50m,Federico Macheda,['Italy'],Manchester-United,Centre-Forward,2013-2014,Manchester United U18,
18,Northampton Town,"Dec 1, 1995",left,"1,83m",214104,,"Jul 1, 2014",,James Wilson,['England'],Manchester-United,Centre-Forward,2013-2014,Manchester United U18,
24,ACF Fiorentina,"Nov 7, 1990",right,"1,92m",59377,,"Jul 1, 2011",€25.00m,David de Gea,['Spain'],Manchester-United,Goalkeeper,2014-2015,: Ablöse €25.00m,
33,Retired,"Jan 14, 1982",right,"1,83m",7589,,"Jan 8, 2015",€5.00m,Víctor Valdés,['Spain'],Manchester-United,Goalkeeper,2014-2015,Without Club,
31,Retired,"Apr 13, 1984",right,"1,93m",22491,,"Jan 6, 2011",€1.50m,Anders Lindegaard,['Denmark'],Manchester-United,Goalkeeper,2014-2015,: Ablöse €5.00m,
25,Port Vale FC,"Apr 10, 1990",right,"1,93m",73472,,"Jul 1, 2011",€750k,Ben Amos,['England'],Manchester-United,Goalkeeper,2014-2015,Manchester United Reserves,
22,Wolverhampton Wanderers,"Mar 25, 1993",right,"1,93m",110864,,"Jul 1, 2011",€250k,Sam Johnstone,['England'],Manchester-United,Goalkeeper,2014-2015,Manchester United U18,
25,CA Boca Juniors,"Mar 20, 1990",left,"1,86m",93176,,"Aug 20, 2014",€16.00m,Marcos Rojo,['Argentina'],Manchester-United,Centre-Back,2014-2015,Sporting CP,
25,Girona FC,"Mar 9, 1990",left,"1,80m",12282,,"Sep 1, 2014",€15.00m,Daley Blind,"['Netherlands', 'England']",Manchester-United,Centre-Back,2014-2015,Ajax Amsterdam,
23,Retired,"Feb 21, 1992",right,"1,85m",117996,,"Jul 1, 2011",€14.00m,Phil Jones,['England'],Manchester-United,Centre-Back,2014-2015,Blackburn Rovers,
25,Al-Fayha FC,"Nov 22, 1989",right,"1,94m",103427,,"Jul 1, 2010",€11.00m,Chris Smalling,"['England', 'Jamaica']",Manchester-United,Centre-Back,2014-2015,Fulham FC,
27,Manchester United,"Jan 3, 1988",both,"1,88m",42412,,"Jul 18, 2023",€8.00m,Jonny Evans,['Northern Ireland'],Manchester-United,Centre-Back,2014-2015,Leicester City,
22,Everton FC,"Jan 11, 1993",right,"1,88m",118534,,,€2.00m,Michael Keane,"['England', 'Ireland']",Manchester-United,Centre-Back,2014-2015,,
20,West Bromwich Albion,"Apr 27, 1995",right,"1,89m",167268,,"Jul 1, 2014",€1.50m,Paddy McNair,['Northern Ireland'],Manchester-United,Centre-Back,2014-2015,Manchester United U21,
22,Without Club,"Jan 13, 1993",right,"1,88m",128911,,"Jul 1, 2013",€200k,Tom Thorpe,['England'],Manchester-United,Centre-Back,2014-2015,Manchester United U21,
19,Manchester United,"Jul 12, 1995",left,"1,78m",183288,,"Jul 1, 2014",€21.00m,Luke Shaw,['England'],Manchester-United,Left-Back,2014-2015,Southampton FC,
29,Everton FC,"Jul 9, 1985",both,"1,75m",14086,,"Jul 1, 2011",€9.00m,Ashley Young,"['England', 'Jamaica']",Manchester-United,Left-Back,2014-2015,: Ablöse €18.00m,
21,Without Club,"Apr 2, 1994",left,"1,83m",134414,,"Jul 1, 2014",€1.00m,Tyler Blackett,"['England', 'Barbados']",Manchester-United,Left-Back,2014-2015,Manchester United U21,
23,KVV Thes Sport,"Jan 13, 1992",right,"1,80m",110798,,"Jul 1, 2012",€650k,Marnick Vermijl,['Belgium'],Manchester-United,Left-Back,2014-2015,Manchester United U18,
21,Rotherham United,"Nov 7, 1993",left,"1,82m",245585,,,,Reece James,['England'],Manchester-United,Left-Back,2014-2015,,
24,Botafogo de Futebol e Regatas,"Jul 9, 1990",right,"1,72m",61892,,"Jan 1, 2008",€13.00m,Rafael,"['Brazil', 'Portugal']",Manchester-United,Right-Back,2014-2015,Fluminense Football Club,Knee injury - Return unknown
29,Retired,"Aug 4, 1985",right,"1,80m",33544,,"Jul 1, 2009",€10.00m,Antonio Valencia,['Ecuador'],Manchester-United,Right-Back,2014-2015,Wigan Athletic,
19,BSC Young Boys,"Oct 22, 1995",right,"1,81m",196435,,,€250k,Saidy Janko,"['The Gambia', 'Switzerland']",Manchester-United,Right-Back,2014-2015,,Muscle injury - Return unknown
33,Retired,"Jul 28, 1981",right,"1,89m",3878,,"Jul 31, 2006",€5.00m,Michael Carrick,['England'],Manchester-United,Defensive Midfield,2014-2015,Tottenham Hotspur,
25,Athletic Bilbao,"Aug 14, 1989",right,"1,82m",99343,,"Jul 1, 2014",€25.00m,Ander Herrera,['Spain'],Manchester-United,Central Midfield,2014-2015,Athletic Bilbao,
27,Retired,"Nov 22, 1987",right,"1,94m",39679,,"Sep 2, 2013",€16.00m,Marouane Fellaini,"['Belgium', 'Morocco']",Manchester-United,Central Midfield,2014-2015,: Ablöse €32.40m,
25,Retired,"Aug 12, 1989",right,"1,75m",73484,,"Jul 1, 2008",€9.00m,Tom Cleverley,['England'],Manchester-United,Central Midfield,2014-2015,Manchester United U18,
27,Retired,"Apr 13, 1988",left,"1,76m",31645,,"Jul 2, 2007",€3.50m,Anderson,['Brazil'],Manchester-United,Central Midfield,2014-2015,FC Porto,
31,Retired,"Feb 1, 1984",right,"1,84m",3547,,"Jul 1, 2001",€2.00m,Darren Fletcher,['Scotland'],Manchester-United,Central Midfield,2014-2015,Manchester United U18,
27,Western Sydney Wanderers,"Apr 28, 1988",left,"1,70m",44068,,"Jan 24, 2014",€34.00m,Juan Mata,['Spain'],Manchester-United,Attacking Midfield,2014-2015,Chelsea FC,
26,Cerezo Osaka,"Mar 17, 1989",right,"1,75m",81785,,"Jul 1, 2012",€10.00m,Shinji Kagawa,['Japan'],Manchester-United,Attacking Midfield,2014-2015,Borussia Dortmund,
21,Stockport County,"Mar 23, 1994",both,"1,83m",134424,,"Jul 1, 2012",€2.50m,Nick Powell,['England'],Manchester-United,Attacking Midfield,2014-2015,Crewe Alexandra,
22,FC Seoul,"Dec 15, 1992",right,"1,74m",141660,,"Jul 1, 2014",€1.00m,Jesse Lingard,['England'],Manchester-United,Attacking Midfield,2014-2015,Manchester United U21,
19,Fulham FC,"Jan 1, 1996",right,"1,78m",203394,,"Jul 1, 2015",€500k,Andreas Pereira,"['Brazil', 'Belgium']",Manchester-United,Attacking Midfield,2014-2015,Manchester United U21,
28,CF Estrela Amadora,"Nov 17, 1986",both,"1,77m",33706,,"Jul 2, 2007",€16.00m,Nani,"['Portugal', 'Cape Verde']",Manchester-United,Left Winger,2014-2015,Sporting CP,
22,Olympique Lyon,"Nov 10, 1992",right,"1,80m",145988,,"Jan 25, 2013",€6.00m,Wilfried Zaha,"[""Cote d'Ivoire"", 'England']",Manchester-United,Left Winger,2014-2015,: Ablöse €11.75m,
27,SL Benfica,"Feb 14, 1988",left,"1,78m",45320,,"Aug 26, 2014",€65.00m,Ángel Di María,"['Argentina', 'Italy']",Manchester-United,Right Winger,2014-2015,Real Madrid,
20,UD Las Palmas,"Feb 5, 1995",left,"1,86m",177847,,"Jul 1, 2013",€10.00m,Adnan Januzaj,"['Belgium', 'Kosovo']",Manchester-United,Right Winger,2014-2015,Manchester United U21,
29,Millonarios FC,"Feb 10, 1986",right,"1,77m",39152,,"Sep 1, 2014",€45.00m,Radamel Falcao,"['Colombia', 'Venezuela']",Manchester-United,Centre-Forward,2014-2015,: Ablöse €7.60m,
29,Retired,"Oct 24, 1985",right,"1,76m",3332,,"Aug 31, 2004",€45.00m,Wayne Rooney,['England'],Manchester-United,Centre-Forward,2014-2015,: Ablöse €37.00m,
31,Retired,"Aug 6, 1983",left,"1,83m",4380,,"Aug 17, 2012",€25.00m,Robin van Persie,['Netherlands'],Manchester-United,Centre-Forward,2014-2015,Arsenal FC,
24,Brighton & Hove Albion,"Nov 26, 1990",right,"1,85m",67063,,"Jul 1, 2008",€18.00m,Danny Welbeck,"['England', 'Ghana']",Manchester-United,Centre-Forward,2014-2015,Manchester United U18,
27,Deportivo Guadalajara,"Jun 1, 1988",right,"1,75m",50935,,"Jul 1, 2010",€10.00m,Chicharito,['Mexico'],Manchester-United,Centre-Forward,2014-2015,Deportivo Guadalajara,
19,Northampton Town,"Dec 1, 1995",left,"1,83m",214104,,"Jul 1, 2014",€1.50m,James Wilson,['England'],Manchester-United,Centre-Forward,2014-2015,Manchester United U18,
22,Preston North End,"Jan 11, 1993",right,"1,88m",118535,,"Jul 1, 2013",€300k,Will Keane,"['Ireland', 'England']",Manchester-United,Centre-Forward,2014-2015,Manchester United U21,
25,ACF Fiorentina,"Nov 7, 1990",right,"1,92m",59377,,"Jul 1, 2011",€40.00m,David de Gea,['Spain'],Manchester-United,Goalkeeper,2015-2016,: Ablöse €25.00m,
29,CA Boca Juniors,"Feb 22, 1987",right,"1,92m",30690,,"Jul 27, 2015",€5.00m,Sergio Romero,"['Argentina', 'Italy']",Manchester-United,Goalkeeper,2015-2016,UC Sampdoria,
34,Retired,"Jan 14, 1982",right,"1,83m",7589,,"Jan 8, 2015",€3.50m,Víctor Valdés,['Spain'],Manchester-United,Goalkeeper,2015-2016,Without Club,
23,Wolverhampton Wanderers,"Mar 25, 1993",right,"1,93m",110864,,"Jul 1, 2011",€250k,Sam Johnstone,['England'],Manchester-United,Goalkeeper,2015-2016,Manchester United U18,
20,Reading FC,"Jun 28, 1996",right,"1,89m",192611,,"Jul 1, 2017",,Joel Pereira,"['Portugal', 'Switzerland']",Manchester-United,Goalkeeper,2015-2016,Manchester United U23,
19,Crystal Palace,"Mar 12, 1997",right,"1,88m",258919,,"Aug 1, 2020",,Dean Henderson,['England'],Manchester-United,Goalkeeper,2015-2016,Manchester United U23,
26,Al-Fayha FC,"Nov 22, 1989",right,"1,94m",103427,,"Jul 1, 2010",€20.00m,Chris Smalling,"['England', 'Jamaica']",Manchester-United,Centre-Back,2015-2016,Fulham FC,
26,Girona FC,"Mar 9, 1990",left,"1,80m",12282,,"Sep 1, 2014",€19.00m,Daley Blind,"['Netherlands', 'England']",Manchester-United,Centre-Back,2015-2016,Ajax Amsterdam,
26,CA Boca Juniors,"Mar 20, 1990",left,"1,86m",93176,,"Aug 20, 2014",€18.00m,Marcos Rojo,['Argentina'],Manchester-United,Centre-Back,2015-2016,Sporting CP,
24,Retired,"Feb 21, 1992",right,"1,85m",117996,,"Jul 1, 2011",€15.00m,Phil Jones,['England'],Manchester-United,Centre-Back,2015-2016,Blackburn Rovers,
21,West Bromwich Albion,"Apr 27, 1995",right,"1,89m",167268,,"Jul 1, 2014",€4.50m,Paddy McNair,['Northern Ireland'],Manchester-United,Centre-Back,2015-2016,Manchester United U21,
17,Without Club,"Sep 3, 1998",right,"1,84m",314388,,,,Ro-Shaun Williams,"['Grenada', 'England']",Manchester-United,Centre-Back,2015-2016,,
18,Portsmouth FC,"Jun 18, 1998",right,"1,80m",340194,,,,Regan Poole,['Wales'],Manchester-United,Centre-Back,2015-2016,,
18,Ipswich Town,"Nov 14, 1997",right,"1,85m",342046,,"Jan 1, 2017",,Axel Tuanzebe,"['DR Congo', 'England']",Manchester-United,Centre-Back,2015-2016,Manchester United U18,Thumb injury - Return unknown
20,Manchester United,"Jul 12, 1995",left,"1,78m",183288,,"Jul 1, 2014",€21.00m,Luke Shaw,['England'],Manchester-United,Left-Back,2015-2016,Southampton FC,
30,Everton FC,"Jul 9, 1985",both,"1,75m",14086,,"Jul 1, 2011",€10.00m,Ashley Young,"['England', 'Jamaica']",Manchester-United,Left-Back,2015-2016,: Ablöse €18.00m,
19,Without Club,"Feb 2, 1997",left,"1,90m",258879,,"Jul 1, 2018",€1.50m,Cameron Borthwick-Jackson,['England'],Manchester-United,Left-Back,2015-2016,Manchester United U23,
22,Without Club,"Apr 2, 1994",left,"1,83m",134414,,"Jul 1, 2014",€1.00m,Tyler Blackett,"['England', 'Barbados']",Manchester-United,Left-Back,2015-2016,Manchester United U21,
26,Inter Milan,"Dec 2, 1989",right,"1,83m",54906,,"Jul 11, 2015",€15.00m,Matteo Darmian,['Italy'],Manchester-United,Right-Back,2015-2016,Torino FC,
30,Retired,"Aug 4, 1985",right,"1,80m",33544,,"Jul 1, 2009",€8.00m,Antonio Valencia,['Ecuador'],Manchester-United,Right-Back,2015-2016,Wigan Athletic,
23,CR Flamengo,"Mar 24, 1993",right,"1,73m",188862,,"Jul 1, 2015",€500k,Guillermo Varela,"['Uruguay', 'Italy']",Manchester-United,Right-Back,2015-2016,Manchester United U21,
21,Accrington Stanley,"Dec 2, 1994",right,"1,78m",179451,,,,Donald Love,"['Scotland', 'England']",Manchester-United,Right-Back,2015-2016,,
19,AFC Fylde,"Dec 6, 1996",right,"1,76m",387036,,,,Joe Riley,['England'],Manchester-United,Right-Back,2015-2016,,
18,Without Club,"Jan 2, 1998",right,"1,85m",315131,,"Jan 1, 2016",,Timothy Fosu-Mensah,"['Netherlands', 'Ghana']",Manchester-United,Right-Back,2015-2016,Manchester United U18,
26,Retired,"Nov 8, 1989",right,"1,86m",56818,,"Jul 13, 2015",€30.00m,Morgan Schneiderlin,['France'],Manchester-United,Defensive Midfield,2015-2016,Southampton FC,
34,Retired,"Jul 28, 1981",right,"1,89m",3878,,"Jul 31, 2006",€4.00m,Michael Carrick,['England'],Manchester-United,Defensive Midfield,2015-2016,Tottenham Hotspur,
26,Athletic Bilbao,"Aug 14, 1989",right,"1,82m",99343,,"Jul 1, 2014",€28.00m,Ander Herrera,['Spain'],Manchester-United,Central Midfield,2015-2016,Athletic Bilbao,
28,Retired,"Nov 22, 1987",right,"1,94m",39679,,"Sep 2, 2013",€15.00m,Marouane Fellaini,"['Belgium', 'Morocco']",Manchester-United,Central Midfield,2015-2016,: Ablöse €32.40m,
31,Retired,"Aug 1, 1984",,,2514,,"Jul 13, 2015",€12.00m,Bastian Schweinsteiger,['Germany'],Manchester-United,Central Midfield,2015-2016,: Ablöse €9.00m,
21,Leeds United,"Jan 11, 1995",right,"1,85m",183293,,,€100k,Joe Rothwell,['England'],Manchester-United,Central Midfield,2015-2016,,
20,Retired,"Aug 4, 1995",right,"1,77m",251058,,,,James Weir,['England'],Manchester-United,Central Midfield,2015-2016,,
20,Asteras Aktor,"Oct 1, 1995",left,"1,91m",289843,,,,Sean Goss,"['Northern Ireland', 'England']",Manchester-United,Central Midfield,2015-2016,,
28,Western Sydney Wanderers,"Apr 28, 1988",left,"1,70m",44068,,"Jan 24, 2014",€34.00m,Juan Mata,['Spain'],Manchester-United,Attacking Midfield,2015-2016,Chelsea FC,
23,FC Seoul,"Dec 15, 1992",right,"1,74m",141660,,"Jul 1, 2014",€5.00m,Jesse Lingard,['England'],Manchester-United,Attacking Midfield,2015-2016,Manchester United U21,
20,Fulham FC,"Jan 1, 1996",right,"1,78m",203394,,"Jul 1, 2015",€2.00m,Andreas Pereira,"['Brazil', 'Belgium']",Manchester-United,Attacking Midfield,2015-2016,Manchester United U21,
22,Stockport County,"Mar 23, 1994",both,"1,83m",134424,,"Jul 1, 2012",€1.50m,Nick Powell,['England'],Manchester-United,Attacking Midfield,2015-2016,Crewe Alexandra,
18,Manchester United,"Oct 31, 1997",right,"1,85m",258923,,"Jan 1, 2016",€6.00m,Marcus Rashford,"['England', 'St. Kitts & Nevis']",Manchester-United,Left Winger,2015-2016,Manchester United U18,
21,UD Las Palmas,"Feb 5, 1995",left,"1,86m",177847,,"Jul 1, 2013",€7.00m,Adnan Januzaj,"['Belgium', 'Kosovo']",Manchester-United,Right Winger,2015-2016,Manchester United U21,
30,Retired,"Oct 24, 1985",right,"1,76m",3332,,"Aug 31, 2004",€35.00m,Wayne Rooney,['England'],Manchester-United,Centre-Forward,2015-2016,: Ablöse €37.00m,
20,AEK Athens,"Dec 5, 1995",right,"1,81m",182877,,"Sep 1, 2015",€32.00m,Anthony Martial,"['France', 'Guadeloupe']",Manchester-United,Centre-Forward,2015-2016,: Ablöse €60.00m,
22,Sport Club Corinthians Paulista,"Feb 13, 1994",right,"1,78m",167850,,"Jul 1, 2015",€25.00m,Memphis Depay,"['Netherlands', 'Ghana']",Manchester-United,Centre-Forward,2015-2016,: Ablöse €34.00m,
28,Deportivo Guadalajara,"Jun 1, 1988",right,"1,75m",50935,,"Jul 1, 2010",€18.00m,Chicharito,['Mexico'],Manchester-United,Centre-Forward,2015-2016,Deportivo Guadalajara,
20,Northampton Town,"Dec 1, 1995",left,"1,83m",214104,,"Jul 1, 2014",€2.00m,James Wilson,['England'],Manchester-United,Centre-Forward,2015-2016,Manchester United U18,
23,Preston North End,"Jan 11, 1993",right,"1,88m",118535,,"Jul 1, 2013",€1.00m,Will Keane,"['Ireland', 'England']",Manchester-United,Centre-Forward,2015-2016,Manchester United U21,
26,ACF Fiorentina,"Nov 7, 1990",right,"1,92m",59377,,"Jul 1, 2011",€40.00m,David de Gea,['Spain'],Manchester-United,Goalkeeper,2016-2017,: Ablöse €25.00m,
30,CA Boca Juniors,"Feb 22, 1987",right,"1,92m",30690,,"Jul 27, 2015",€6.00m,Sergio Romero,"['Argentina', 'Italy']",Manchester-United,Goalkeeper,2016-2017,UC Sampdoria,
24,Wolverhampton Wanderers,"Mar 25, 1993",right,"1,93m",110864,,"Jul 1, 2011",€1.00m,Sam Johnstone,['England'],Manchester-United,Goalkeeper,2016-2017,Manchester United U18,
21,Reading FC,"Jun 28, 1996",right,"1,89m",192611,,"Jul 1, 2017",€100k,Joel Pereira,"['Portugal', 'Switzerland']",Manchester-United,Goalkeeper,2016-2017,Manchester United U23,
20,Crystal Palace,"Mar 12, 1997",right,"1,88m",258919,,"Aug 1, 2020",€100k,Dean Henderson,['England'],Manchester-United,Goalkeeper,2016-2017,Manchester United U23,
21,Kilmarnock FC,"Apr 22, 1996",right,"1,93m",289791,,,,Kieran O'Hara,"['Ireland', 'England']",Manchester-United,Goalkeeper,2016-2017,,
23,Villarreal CF,"Apr 12, 1994",right,"1,87m",286384,,"Jul 1, 2016",€30.00m,Eric Bailly,"[""Cote d'Ivoire""]",Manchester-United,Centre-Back,2016-2017,Villarreal CF,
27,Girona FC,"Mar 9, 1990",left,"1,80m",12282,,"Sep 1, 2014",€22.00m,Daley Blind,"['Netherlands', 'England']",Manchester-United,Centre-Back,2016-2017,Ajax Amsterdam,
27,CA Boca Juniors,"Mar 20, 1990",left,"1,86m",93176,,"Aug 20, 2014",€18.00m,Marcos Rojo,['Argentina'],Manchester-United,Centre-Back,2016-2017,Sporting CP,
27,Al-Fayha FC,"Nov 22, 1989",right,"1,94m",103427,,"Jul 1, 2010",€18.00m,Chris Smalling,"['England', 'Jamaica']",Manchester-United,Centre-Back,2016-2017,Fulham FC,
25,Retired,"Feb 21, 1992",right,"1,85m",117996,,"Jul 1, 2011",€14.00m,Phil Jones,['England'],Manchester-United,Centre-Back,2016-2017,Blackburn Rovers,
19,Ipswich Town,"Nov 14, 1997",right,"1,85m",342046,,"Jan 1, 2017",€1.00m,Axel Tuanzebe,"['DR Congo', 'England']",Manchester-United,Centre-Back,2016-2017,Manchester United U18,Thumb injury - Return unknown
21,Manchester United,"Jul 12, 1995",left,"1,78m",183288,,"Jul 1, 2014",€20.00m,Luke Shaw,['England'],Manchester-United,Left-Back,2016-2017,Southampton FC,
31,Everton FC,"Jul 9, 1985",both,"1,75m",14086,,"Jul 1, 2011",€5.00m,Ashley Young,"['England', 'Jamaica']",Manchester-United,Left-Back,2016-2017,: Ablöse €18.00m,
20,Without Club,"Feb 2, 1997",left,"1,90m",258879,,"Jul 1, 2018",€3.00m,Cameron Borthwick-Jackson,['England'],Manchester-United,Left-Back,2016-2017,Manchester United U23,
27,Inter Milan,"Dec 2, 1989",right,"1,83m",54906,,"Jul 11, 2015",€12.00m,Matteo Darmian,['Italy'],Manchester-United,Right-Back,2016-2017,Torino FC,
31,Retired,"Aug 4, 1985",right,"1,80m",33544,,"Jul 1, 2009",€10.00m,Antonio Valencia,['Ecuador'],Manchester-United,Right-Back,2016-2017,Wigan Athletic,
19,Without Club,"Jan 2, 1998",right,"1,85m",315131,,"Jan 1, 2016",€2.50m,Timothy Fosu-Mensah,"['Netherlands', 'Ghana']",Manchester-United,Right-Back,2016-2017,Manchester United U18,
24,CR Flamengo,"Mar 24, 1993",right,"1,73m",188862,,"Jul 1, 2015",€750k,Guillermo Varela,"['Uruguay', 'Italy']",Manchester-United,Right-Back,2016-2017,Manchester United U21,
27,Retired,"Nov 8, 1989",right,"1,86m",56818,,"Jul 13, 2015",€22.00m,Morgan Schneiderlin,['France'],Manchester-United,Defensive Midfield,2016-2017,Southampton FC,
35,Retired,"Jul 28, 1981",right,"1,89m",3878,,"Jul 31, 2006",€1.50m,Michael Carrick,['England'],Manchester-United,Defensive Midfield,2016-2017,Tottenham Hotspur,
24,Juventus FC,"Mar 15, 1993",both,"1,91m",122153,,"Aug 9, 2016",€75.00m,Paul Pogba,"['France', 'Guinea']",Manchester-United,Central Midfield,2016-2017,: Ablöse €105.00m,"Doping ban - until Mar 10, 2025 - cross-competition"
28,Inter Milan,"Jan 21, 1989",both,"1,77m",55735,,"Jul 6, 2016",€35.00m,Henrikh Mkhitaryan,['Armenia'],Manchester-United,Central Midfield,2016-2017,Borussia Dortmund,
27,Athletic Bilbao,"Aug 14, 1989",right,"1,82m",99343,,"Jul 1, 2014",€30.00m,Ander Herrera,['Spain'],Manchester-United,Central Midfield,2016-2017,Athletic Bilbao,
29,Retired,"Nov 22, 1987",right,"1,94m",39679,,"Sep 2, 2013",€12.00m,Marouane Fellaini,"['Belgium', 'Morocco']",Manchester-United,Central Midfield,2016-2017,: Ablöse €32.40m,
32,Retired,"Aug 1, 1984",,,2514,,"Jul 13, 2015",€4.50m,Bastian Schweinsteiger,['Germany'],Manchester-United,Central Midfield,2016-2017,: Ablöse €9.00m,
20,Retired,"Aug 20, 1996",right,"1,72m",289845,,,,Matty Willock,"['Montserrat', 'England']",Manchester-United,Central Midfield,2016-2017,,
20,SSC Napoli,"Dec 8, 1996",right,"1,91m",315969,,"Jul 1, 2017",,Scott McTominay,"['Scotland', 'England']",Manchester-United,Central Midfield,2016-2017,Manchester United U23,
20,Exeter City,"Jan 11, 1997",left,"1,79m",258886,,,,Demetri Mitchell,"['England', 'Jamaica']",Manchester-United,Left Midfield,2016-2017,,
29,Western Sydney Wanderers,"Apr 28, 1988",left,"1,70m",44068,,"Jan 24, 2014",€30.00m,Juan Mata,['Spain'],Manchester-United,Attacking Midfield,2016-2017,Chelsea FC,
24,FC Seoul,"Dec 15, 1992",right,"1,74m",141660,,"Jul 1, 2014",€12.00m,Jesse Lingard,['England'],Manchester-United,Attacking Midfield,2016-2017,Manchester United U21,
21,Fulham FC,"Jan 1, 1996",right,"1,78m",203394,,"Jul 1, 2015",€5.00m,Andreas Pereira,"['Brazil', 'Belgium']",Manchester-United,Attacking Midfield,2016-2017,Manchester United U21,
21,Without Club,"Dec 15, 1995",right,"1,75m",289844,,,,Josh Harrop,['England'],Manchester-United,Attacking Midfield,2016-2017,,
16,LOSC Lille,"Aug 31, 2000",right,"1,66m",392770,,"Jul 1, 2019",,Angel Gomes,"['England', 'Portugal']",Manchester-United,Attacking Midfield,2016-2017,Manchester United U23,
19,Manchester United,"Oct 31, 1997",right,"1,85m",258923,,"Jan 1, 2016",€18.00m,Marcus Rashford,"['England', 'St. Kitts & Nevis']",Manchester-United,Left Winger,2016-2017,Manchester United U18,
22,UD Las Palmas,"Feb 5, 1995",left,"1,86m",177847,,"Jul 1, 2013",€7.00m,Adnan Januzaj,"['Belgium', 'Kosovo']",Manchester-United,Right Winger,2016-2017,Manchester United U21,
21,AEK Athens,"Dec 5, 1995",right,"1,81m",182877,,"Sep 1, 2015",€30.00m,Anthony Martial,"['France', 'Guadeloupe']",Manchester-United,Centre-Forward,2016-2017,: Ablöse €60.00m,
23,Sport Club Corinthians Paulista,"Feb 13, 1994",right,"1,78m",167850,,"Jul 1, 2015",€19.00m,Memphis Depay,"['Netherlands', 'Ghana']",Manchester-United,Centre-Forward,2016-2017,: Ablöse €34.00m,
31,Retired,"Oct 24, 1985",right,"1,76m",3332,,"Aug 31, 2004",€15.00m,Wayne Rooney,['England'],Manchester-United,Centre-Forward,2016-2017,: Ablöse €37.00m,
35,Retired,"Oct 3, 1981",right,"1,95m",3455,,"Jul 1, 2016",€10.00m,Zlatan Ibrahimović,"['Sweden', 'Bosnia-Herzegovina']",Manchester-United,Centre-Forward,2016-2017,: Ablöse free transfer,
21,Northampton Town,"Dec 1, 1995",left,"1,83m",214104,,"Jul 1, 2014",€2.00m,James Wilson,['England'],Manchester-United,Centre-Forward,2016-2017,Manchester United U18,
18,Ossett United,"Sep 28, 1998",right,"1,80m",396284,,,,Zak Dearnley,['England'],Manchester-United,Centre-Forward,2016-2017,,
27,ACF Fiorentina,"Nov 7, 1990",right,"1,92m",59377,,"Jul 1, 2011",€70.00m,David de Gea,['Spain'],Manchester-United,Goalkeeper,2017-2018,: Ablöse €25.00m,
31,CA Boca Juniors,"Feb 22, 1987",right,"1,92m",30690,,"Jul 27, 2015",€5.00m,Sergio Romero,"['Argentina', 'Italy']",Manchester-United,Goalkeeper,2017-2018,UC Sampdoria,
25,Wolverhampton Wanderers,"Mar 25, 1993",right,"1,93m",110864,,"Jul 1, 2011",€2.50m,Sam Johnstone,['England'],Manchester-United,Goalkeeper,2017-2018,Manchester United U18,
22,Reading FC,"Jun 28, 1996",right,"1,89m",192611,,"Jul 1, 2017",€1.00m,Joel Pereira,"['Portugal', 'Switzerland']",Manchester-United,Goalkeeper,2017-2018,Manchester United U23,
24,Villarreal CF,"Apr 12, 1994",right,"1,87m",286384,,"Jul 1, 2016",€35.00m,Eric Bailly,"[""Cote d'Ivoire""]",Manchester-United,Centre-Back,2017-2018,Villarreal CF,
23,Manchester United,"Jul 17, 1994",right,"1,87m",184573,,"Jul 1, 2017",€25.00m,Victor Lindelöf,['Sweden'],Manchester-United,Centre-Back,2017-2018,SL Benfica,
26,Retired,"Feb 21, 1992",right,"1,85m",117996,,"Jul 1, 2011",€20.00m,Phil Jones,['England'],Manchester-United,Centre-Back,2017-2018,Blackburn Rovers,
28,CA Boca Juniors,"Mar 20, 1990",left,"1,86m",93176,,"Aug 20, 2014",€18.00m,Marcos Rojo,['Argentina'],Manchester-United,Centre-Back,2017-2018,Sporting CP,
28,Al-Fayha FC,"Nov 22, 1989",right,"1,94m",103427,,"Jul 1, 2010",€18.00m,Chris Smalling,"['England', 'Jamaica']",Manchester-United,Centre-Back,2017-2018,Fulham FC,
28,Girona FC,"Mar 9, 1990",left,"1,80m",12282,,"Sep 1, 2014",€18.00m,Daley Blind,"['Netherlands', 'England']",Manchester-United,Centre-Back,2017-2018,Ajax Amsterdam,
20,Ipswich Town,"Nov 14, 1997",right,"1,85m",342046,,"Jan 1, 2017",€1.00m,Axel Tuanzebe,"['DR Congo', 'England']",Manchester-United,Centre-Back,2017-2018,Manchester United U18,Thumb injury - Return unknown
22,Manchester United,"Jul 12, 1995",left,"1,78m",183288,,"Jul 1, 2014",€15.00m,Luke Shaw,['England'],Manchester-United,Left-Back,2017-2018,Southampton FC,
32,Everton FC,"Jul 9, 1985",both,"1,75m",14086,,"Jul 1, 2011",€7.00m,Ashley Young,"['England', 'Jamaica']",Manchester-United,Left-Back,2017-2018,: Ablöse €18.00m,
21,Without Club,"Feb 2, 1997",left,"1,90m",258879,,"Jul 1, 2018",€3.00m,Cameron Borthwick-Jackson,['England'],Manchester-United,Left-Back,2017-2018,Manchester United U23,
28,Inter Milan,"Dec 2, 1989",right,"1,83m",54906,,"Jul 11, 2015",€10.00m,Matteo Darmian,['Italy'],Manchester-United,Right-Back,2017-2018,Torino FC,
32,Retired,"Aug 4, 1985",right,"1,80m",33544,,"Jul 1, 2009",€8.00m,Antonio Valencia,['Ecuador'],Manchester-United,Right-Back,2017-2018,Wigan Athletic,
20,Without Club,"Jan 2, 1998",right,"1,85m",315131,,"Jan 1, 2016",€7.00m,Timothy Fosu-Mensah,"['Netherlands', 'Ghana']",Manchester-United,Right-Back,2017-2018,Manchester United U18,
29,Olympique Lyon,"Aug 1, 1988",left,"1,94m",74683,,"Jul 31, 2017",€40.00m,Nemanja Matic,"['Serbia', 'Slovakia']",Manchester-United,Defensive Midfield,2017-2018,Chelsea FC,
36,Retired,"Jul 28, 1981",right,"1,89m",3878,,"Jul 31, 2006",€1.00m,Michael Carrick,['England'],Manchester-United,Defensive Midfield,2017-2018,Tottenham Hotspur,
25,Juventus FC,"Mar 15, 1993",both,"1,91m",122153,,"Aug 9, 2016",€90.00m,Paul Pogba,"['France', 'Guinea']",Manchester-United,Central Midfield,2017-2018,: Ablöse €105.00m,"Doping ban - until Mar 10, 2025 - cross-competition"
29,Inter Milan,"Jan 21, 1989",both,"1,77m",55735,,"Jul 6, 2016",€35.00m,Henrikh Mkhitaryan,['Armenia'],Manchester-United,Central Midfield,2017-2018,Borussia Dortmund,
28,Athletic Bilbao,"Aug 14, 1989",right,"1,82m",99343,,"Jul 1, 2014",€30.00m,Ander Herrera,['Spain'],Manchester-United,Central Midfield,2017-2018,Athletic Bilbao,
30,Retired,"Nov 22, 1987",right,"1,94m",39679,,"Sep 2, 2013",€12.00m,Marouane Fellaini,"['Belgium', 'Morocco']",Manchester-United,Central Midfield,2017-2018,: Ablöse €32.40m,
21,SSC Napoli,"Dec 8, 1996",right,"1,91m",315969,,"Jul 1, 2017",€7.00m,Scott McTominay,"['Scotland', 'England']",Manchester-United,Central Midfield,2017-2018,Manchester United U23,
19,Lincoln City,"Oct 18, 1998",left,"1,87m",396286,,,,Ethan Hamilton,['Scotland'],Manchester-United,Central Midfield,2017-2018,,
25,FC Seoul,"Dec 15, 1992",right,"1,74m",141660,,"Jul 1, 2014",€35.00m,Jesse Lingard,['England'],Manchester-United,Attacking Midfield,2017-2018,Manchester United U21,
30,Western Sydney Wanderers,"Apr 28, 1988",left,"1,70m",44068,,"Jan 24, 2014",€30.00m,Juan Mata,['Spain'],Manchester-United,Attacking Midfield,2017-2018,Chelsea FC,
17,LOSC Lille,"Aug 31, 2000",right,"1,66m",392770,,"Jul 1, 2019",,Angel Gomes,"['England', 'Portugal']",Manchester-United,Attacking Midfield,2017-2018,Manchester United U23,
20,Manchester United,"Oct 31, 1997",right,"1,85m",258923,,"Jan 1, 2016",€65.00m,Marcus Rashford,"['England', 'St. Kitts & Nevis']",Manchester-United,Left Winger,2017-2018,Manchester United U18,
25,SSC Napoli,"May 13, 1993",left,"1,91m",96341,,"Jul 10, 2017",€90.00m,Romelu Lukaku,"['Belgium', 'DR Congo']",Manchester-United,Centre-Forward,2017-2018,Everton FC,
29,Udinese Calcio,"Dec 19, 1988",right,"1,69m",40433,,"Jan 22, 2018",€70.00m,Alexis Sánchez,['Chile'],Manchester-United,Centre-Forward,2017-2018,Arsenal FC,"Calf problems - Return expected on Dec 2, 2024"
22,AEK Athens,"Dec 5, 1995",right,"1,81m",182877,,"Sep 1, 2015",€65.00m,Anthony Martial,"['France', 'Guadeloupe']",Manchester-United,Centre-Forward,2017-2018,: Ablöse €60.00m,
32,Retired,"Oct 24, 1985",right,"1,76m",3332,,"Aug 31, 2004",€10.00m,Wayne Rooney,['England'],Manchester-United,Centre-Forward,2017-2018,: Ablöse €37.00m,
36,Retired,"Oct 3, 1981",right,"1,95m",3455,,"Jul 1, 2016",€4.00m,Zlatan Ibrahimović,"['Sweden', 'Bosnia-Herzegovina']",Manchester-United,Centre-Forward,2017-2018,: Ablöse free transfer,
22,Northampton Town,"Dec 1, 1995",left,"1,83m",214104,,"Jul 1, 2014",€2.00m,James Wilson,['England'],Manchester-United,Centre-Forward,2017-2018,Manchester United U18,
28,ACF Fiorentina,"Nov 7, 1990",right,"1,92m",59377,,"Jul 1, 2011",€65.00m,David de Gea,['Spain'],Manchester-United,Goalkeeper,2018-2019,: Ablöse €25.00m,
32,CA Boca Juniors,"Feb 22, 1987",right,"1,92m",30690,,"Jul 27, 2015",€3.50m,Sergio Romero,"['Argentina', 'Italy']",Manchester-United,Goalkeeper,2018-2019,UC Sampdoria,
23,Reading FC,"Jun 28, 1996",right,"1,89m",192611,,"Jul 1, 2017",€850k,Joel Pereira,"['Portugal', 'Switzerland']",Manchester-United,Goalkeeper,2018-2019,Manchester United U23,
36,Retired,"Jan 27, 1983",right,"1,93m",13460,,"Jul 3, 2018",€750k,Lee Grant,['England'],Manchester-United,Goalkeeper,2018-2019,Stoke City,
24,Manchester United,"Jul 17, 1994",right,"1,87m",184573,,"Jul 1, 2017",€35.00m,Victor Lindelöf,['Sweden'],Manchester-United,Centre-Back,2018-2019,SL Benfica,
25,Villarreal CF,"Apr 12, 1994",right,"1,87m",286384,,"Jul 1, 2016",€25.00m,Eric Bailly,"[""Cote d'Ivoire""]",Manchester-United,Centre-Back,2018-2019,Villarreal CF,
27,Retired,"Feb 21, 1992",right,"1,85m",117996,,"Jul 1, 2011",€20.00m,Phil Jones,['England'],Manchester-United,Centre-Back,2018-2019,Blackburn Rovers,
29,Al-Fayha FC,"Nov 22, 1989",right,"1,94m",103427,,"Jul 1, 2010",€20.00m,Chris Smalling,"['England', 'Jamaica']",Manchester-United,Centre-Back,2018-2019,Fulham FC,
29,CA Boca Juniors,"Mar 20, 1990",left,"1,86m",93176,,"Aug 20, 2014",€12.00m,Marcos Rojo,['Argentina'],Manchester-United,Centre-Back,2018-2019,Sporting CP,
21,Ipswich Town,"Nov 14, 1997",right,"1,85m",342046,,"Jan 1, 2017",€7.00m,Axel Tuanzebe,"['DR Congo', 'England']",Manchester-United,Centre-Back,2018-2019,Manchester United U18,Thumb injury - Return unknown
23,Manchester United,"Jul 12, 1995",left,"1,78m",183288,,"Jul 1, 2014",€30.00m,Luke Shaw,['England'],Manchester-United,Left-Back,2018-2019,Southampton FC,
33,Everton FC,"Jul 9, 1985",both,"1,75m",14086,,"Jul 1, 2011",€5.00m,Ashley Young,"['England', 'Jamaica']",Manchester-United,Left-Back,2018-2019,: Ablöse €18.00m,
22,Without Club,"Feb 2, 1997",left,"1,90m",258879,,"Jul 1, 2018",€1.00m,Cameron Borthwick-Jackson,['England'],Manchester-United,Left-Back,2018-2019,Manchester United U23,
18,Without Club,"Sep 3, 2000",right,"1,80m",507700,,"Jul 1, 2019",,Brandon Williams,['England'],Manchester-United,Left-Back,2018-2019,Manchester United U18,
20,Manchester United,"Mar 18, 1999",right,"1,83m",357147,,"Jul 1, 2018",€20.00m,Diogo Dalot,['Portugal'],Manchester-United,Right-Back,2018-2019,FC Porto,
29,Inter Milan,"Dec 2, 1989",right,"1,83m",54906,,"Jul 11, 2015",€10.00m,Matteo Darmian,['Italy'],Manchester-United,Right-Back,2018-2019,Torino FC,
21,Without Club,"Jan 2, 1998",right,"1,85m",315131,,"Jan 1, 2016",€7.00m,Timothy Fosu-Mensah,"['Netherlands', 'Ghana']",Manchester-United,Right-Back,2018-2019,Manchester United U18,
33,Retired,"Aug 4, 1985",right,"1,80m",33544,,"Jul 1, 2009",€5.00m,Antonio Valencia,['Ecuador'],Manchester-United,Right-Back,2018-2019,Wigan Athletic,
30,Olympique Lyon,"Aug 1, 1988",left,"1,94m",74683,,"Jul 31, 2017",€30.00m,Nemanja Matic,"['Serbia', 'Slovakia']",Manchester-United,Defensive Midfield,2018-2019,Chelsea FC,
18,Everton FC,"Mar 13, 2001",right,"1,82m",505219,,"Jul 1, 2020",,James Garner,['England'],Manchester-United,Defensive Midfield,2018-2019,Manchester United U23,
26,Juventus FC,"Mar 15, 1993",both,"1,91m",122153,,"Aug 9, 2016",€100.00m,Paul Pogba,"['France', 'Guinea']",Manchester-United,Central Midfield,2018-2019,: Ablöse €105.00m,"Doping ban - until Mar 10, 2025 - cross-competition"
26,Fenerbahce,"Mar 5, 1993",both,"1,69m",191614,,"Jul 1, 2018",€30.00m,Fred,['Brazil'],Manchester-United,Central Midfield,2018-2019,Shakhtar Donetsk,
29,Athletic Bilbao,"Aug 14, 1989",right,"1,82m",99343,,"Jul 1, 2014",€25.00m,Ander Herrera,['Spain'],Manchester-United,Central Midfield,2018-2019,Athletic Bilbao,
31,Retired,"Nov 22, 1987",right,"1,94m",39679,,"Sep 2, 2013",€12.00m,Marouane Fellaini,"['Belgium', 'Morocco']",Manchester-United,Central Midfield,2018-2019,: Ablöse €32.40m,
22,SSC Napoli,"Dec 8, 1996",right,"1,91m",315969,,"Jul 1, 2017",€12.00m,Scott McTominay,"['Scotland', 'England']",Manchester-United,Central Midfield,2018-2019,Manchester United U23,
26,FC Seoul,"Dec 15, 1992",right,"1,74m",141660,,"Jul 1, 2014",€40.00m,Jesse Lingard,['England'],Manchester-United,Attacking Midfield,2018-2019,Manchester United U21,
31,Western Sydney Wanderers,"Apr 28, 1988",left,"1,70m",44068,,"Jan 24, 2014",€20.00m,Juan Mata,['Spain'],Manchester-United,Attacking Midfield,2018-2019,Chelsea FC,
23,Fulham FC,"Jan 1, 1996",right,"1,78m",203394,,"Jul 1, 2015",€10.00m,Andreas Pereira,"['Brazil', 'Belgium']",Manchester-United,Attacking Midfield,2018-2019,Manchester United U21,
18,LOSC Lille,"Aug 31, 2000",right,"1,66m",392770,,"Jul 1, 2019",,Angel Gomes,"['England', 'Portugal']",Manchester-United,Attacking Midfield,2018-2019,Manchester United U23,
21,Manchester United,"Oct 31, 1997",right,"1,85m",258923,,"Jan 1, 2016",€80.00m,Marcus Rashford,"['England', 'St. Kitts & Nevis']",Manchester-United,Left Winger,2018-2019,Manchester United U18,
19,Luton Town,"Dec 4, 1999",left,"1,85m",344830,,"Jul 1, 2019",,Tahith Chong,"['Netherlands', 'Curacao']",Manchester-United,Right Winger,2018-2019,Manchester United U23,
17,Olympique Marseille,"Oct 1, 2001",both,"1,81m",532826,"Returned after loan spell with Getafe CF; date: Jun 30, 2024; fee: End of loan","Jul 1, 2019",,Mason Greenwood,"['England', 'Jamaica']",Manchester-United,Right Winger,2018-2019,Manchester United U18,
26,SSC Napoli,"May 13, 1993",left,"1,91m",96341,,"Jul 10, 2017",€75.00m,Romelu Lukaku,"['Belgium', 'DR Congo']",Manchester-United,Centre-Forward,2018-2019,Everton FC,
23,AEK Athens,"Dec 5, 1995",right,"1,81m",182877,,"Sep 1, 2015",€60.00m,Anthony Martial,"['France', 'Guadeloupe']",Manchester-United,Centre-Forward,2018-2019,: Ablöse €60.00m,
30,Udinese Calcio,"Dec 19, 1988",right,"1,69m",40433,,"Jan 22, 2018",€35.00m,Alexis Sánchez,['Chile'],Manchester-United,Centre-Forward,2018-2019,Arsenal FC,"Calf problems - Return expected on Dec 2, 2024"
23,Northampton Town,"Dec 1, 1995",left,"1,83m",214104,,"Jul 1, 2014",€1.50m,James Wilson,['England'],Manchester-United,Centre-Forward,2018-2019,Manchester United U18,
